Copyright 1986-2022 Xilinx, Inc. All Rights Reserved. Copyright 2022-2023 Advanced Micro Devices, Inc. All Rights Reserved.
------------------------------------------------------------------------------------------------------------------------------------------------------------------------------------------------------------------------------------------------------
| Tool Version : Vivado v.2023.2 (win64) Build 4029153 Fri Oct 13 20:14:34 MDT 2023
| Date         : Mon Apr 14 17:10:16 2025
| Host         : FT-6K64K74 running 64-bit major release  (build 9200)
| Command      : report_timing_summary -max_paths 10 -report_unconstrained -file design_pynq_wrapper_timing_summary_routed.rpt -pb design_pynq_wrapper_timing_summary_routed.pb -rpx design_pynq_wrapper_timing_summary_routed.rpx -warn_on_violation
| Design       : design_pynq_wrapper
| Device       : 7z020-clg400
| Speed File   : -1  PRODUCTION 1.12 2019-11-22
| Design State : Routed
------------------------------------------------------------------------------------------------------------------------------------------------------------------------------------------------------------------------------------------------------

Timing Summary Report

------------------------------------------------------------------------------------------------
| Timer Settings
| --------------
------------------------------------------------------------------------------------------------

  Enable Multi Corner Analysis               :  Yes
  Enable Pessimism Removal                   :  Yes
  Pessimism Removal Resolution               :  Nearest Common Node
  Enable Input Delay Default Clock           :  No
  Enable Preset / Clear Arcs                 :  No
  Disable Flight Delays                      :  No
  Ignore I/O Paths                           :  No
  Timing Early Launch at Borrowing Latches   :  No
  Borrow Time for Max Delay Exceptions       :  Yes
  Merge Timing Exceptions                    :  Yes
  Inter-SLR Compensation                     :  Conservative

  Corner  Analyze    Analyze    
  Name    Max Paths  Min Paths  
  ------  ---------  ---------  
  Slow    Yes        Yes        
  Fast    Yes        Yes        


------------------------------------------------------------------------------------------------
| Report Methodology
| ------------------
------------------------------------------------------------------------------------------------

No report available as report_methodology has not been run prior. Run report_methodology on the current design for the summary of methodology violations.



check_timing report

Table of Contents
-----------------
1. checking no_clock (0)
2. checking constant_clock (0)
3. checking pulse_width_clock (0)
4. checking unconstrained_internal_endpoints (0)
5. checking no_input_delay (0)
6. checking no_output_delay (0)
7. checking multiple_clock (0)
8. checking generated_clocks (0)
9. checking loops (0)
10. checking partial_input_delay (0)
11. checking partial_output_delay (0)
12. checking latch_loops (0)

1. checking no_clock (0)
------------------------
 There are 0 register/latch pins with no clock.


2. checking constant_clock (0)
------------------------------
 There are 0 register/latch pins with constant_clock.


3. checking pulse_width_clock (0)
---------------------------------
 There are 0 register/latch pins which need pulse_width check


4. checking unconstrained_internal_endpoints (0)
------------------------------------------------
 There are 0 pins that are not constrained for maximum delay.

 There are 0 pins that are not constrained for maximum delay due to constant clock.


5. checking no_input_delay (0)
------------------------------
 There are 0 input ports with no input delay specified.

 There are 0 input ports with no input delay but user has a false path constraint.


6. checking no_output_delay (0)
-------------------------------
 There are 0 ports with no output delay specified.

 There are 0 ports with no output delay but user has a false path constraint

 There are 0 ports with no output delay but with a timing clock defined on it or propagating through it


7. checking multiple_clock (0)
------------------------------
 There are 0 register/latch pins with multiple clocks.


8. checking generated_clocks (0)
--------------------------------
 There are 0 generated clocks that are not connected to a clock source.


9. checking loops (0)
---------------------
 There are 0 combinational loops in the design.


10. checking partial_input_delay (0)
------------------------------------
 There are 0 input ports with partial input delay specified.


11. checking partial_output_delay (0)
-------------------------------------
 There are 0 ports with partial output delay specified.


12. checking latch_loops (0)
----------------------------
 There are 0 combinational latch loops in the design through latch input



------------------------------------------------------------------------------------------------
| Design Timing Summary
| ---------------------
------------------------------------------------------------------------------------------------

    WNS(ns)      TNS(ns)  TNS Failing Endpoints  TNS Total Endpoints      WHS(ns)      THS(ns)  THS Failing Endpoints  THS Total Endpoints     WPWS(ns)     TPWS(ns)  TPWS Failing Endpoints  TPWS Total Endpoints  
    -------      -------  ---------------------  -------------------      -------      -------  ---------------------  -------------------     --------     --------  ----------------------  --------------------  
      9.359        0.000                      0                 8823        0.023        0.000                      0                 8823        8.750        0.000                       0                  4034  


All user specified timing constraints are met.


------------------------------------------------------------------------------------------------
| Clock Summary
| -------------
------------------------------------------------------------------------------------------------

Clock       Waveform(ns)       Period(ns)      Frequency(MHz)
-----       ------------       ----------      --------------
clk_fpga_0  {0.000 10.000}     20.000          50.000          


------------------------------------------------------------------------------------------------
| Intra Clock Table
| -----------------
------------------------------------------------------------------------------------------------

Clock             WNS(ns)      TNS(ns)  TNS Failing Endpoints  TNS Total Endpoints      WHS(ns)      THS(ns)  THS Failing Endpoints  THS Total Endpoints     WPWS(ns)     TPWS(ns)  TPWS Failing Endpoints  TPWS Total Endpoints  
-----             -------      -------  ---------------------  -------------------      -------      -------  ---------------------  -------------------     --------     --------  ----------------------  --------------------  
clk_fpga_0         10.896        0.000                      0                 8695        0.023        0.000                      0                 8695        8.750        0.000                       0                  4034  


------------------------------------------------------------------------------------------------
| Inter Clock Table
| -----------------
------------------------------------------------------------------------------------------------

From Clock    To Clock          WNS(ns)      TNS(ns)  TNS Failing Endpoints  TNS Total Endpoints      WHS(ns)      THS(ns)  THS Failing Endpoints  THS Total Endpoints  
----------    --------          -------      -------  ---------------------  -------------------      -------      -------  ---------------------  -------------------  


------------------------------------------------------------------------------------------------
| Other Path Groups Table
| -----------------------
------------------------------------------------------------------------------------------------

Path Group         From Clock         To Clock               WNS(ns)      TNS(ns)  TNS Failing Endpoints  TNS Total Endpoints      WHS(ns)      THS(ns)  THS Failing Endpoints  THS Total Endpoints  
----------         ----------         --------               -------      -------  ---------------------  -------------------      -------      -------  ---------------------  -------------------  
**async_default**  clk_fpga_0         clk_fpga_0               9.359        0.000                      0                  128        0.664        0.000                      0                  128  


------------------------------------------------------------------------------------------------
| User Ignored Path Table
| -----------------------
------------------------------------------------------------------------------------------------

Path Group    From Clock    To Clock    
----------    ----------    --------    
(none)                      clk_fpga_0    
(none)        clk_fpga_0    clk_fpga_0    


------------------------------------------------------------------------------------------------
| Unconstrained Path Table
| ------------------------
------------------------------------------------------------------------------------------------

Path Group    From Clock    To Clock    
----------    ----------    --------    


------------------------------------------------------------------------------------------------
| Timing Details
| --------------
------------------------------------------------------------------------------------------------


---------------------------------------------------------------------------------------------------
From Clock:  clk_fpga_0
  To Clock:  clk_fpga_0

Setup :            0  Failing Endpoints,  Worst Slack       10.896ns,  Total Violation        0.000ns
Hold  :            0  Failing Endpoints,  Worst Slack        0.023ns,  Total Violation        0.000ns
PW    :            0  Failing Endpoints,  Worst Slack        8.750ns,  Total Violation        0.000ns
---------------------------------------------------------------------------------------------------


Max Delay Paths
--------------------------------------------------------------------------------------
Slack (MET) :             10.896ns  (required time - arrival time)
  Source:                 design_pynq_i/PUF_controller_0/U0/pattern_ctrl_unit_i/ASR_choice_reg[0]/C
                            (rising edge-triggered cell FDRE clocked by clk_fpga_0  {rise@0.000ns fall@10.000ns period=20.000ns})
  Destination:            design_pynq_i/CHOICE_PUF_gen_0/U0/GEN_PUF[30].PUF/SRLC32E_inst_0/D
                            (rising edge-triggered cell SRLC32E clocked by clk_fpga_0  {rise@0.000ns fall@10.000ns period=20.000ns})
  Path Group:             clk_fpga_0
  Path Type:              Setup (Max at Slow Process Corner)
  Requirement:            20.000ns  (clk_fpga_0 rise@20.000ns - clk_fpga_0 rise@0.000ns)
  Data Path Delay:        8.353ns  (logic 0.419ns (5.016%)  route 7.934ns (94.984%))
  Logic Levels:           0  
  Clock Path Skew:        -0.229ns (DCD - SCD + CPR)
    Destination Clock Delay (DCD):    2.647ns = ( 22.647 - 20.000 ) 
    Source Clock Delay      (SCD):    3.005ns
    Clock Pessimism Removal (CPR):    0.129ns
  Clock Uncertainty:      0.302ns  ((TSJ^2 + TIJ^2)^1/2 + DJ) / 2 + PE
    Total System Jitter     (TSJ):    0.071ns
    Total Input Jitter      (TIJ):    0.600ns
    Discrete Jitter          (DJ):    0.000ns
    Phase Error              (PE):    0.000ns

    Location             Delay type                Incr(ns)  Path(ns)    PBlock               Netlist Resource(s)
  -------------------------------------------------------------------    ----------------------------------------
                         (clock clk_fpga_0 rise edge)
                                                      0.000     0.000 r                       
    PS7_X0Y0             PS7                          0.000     0.000 r                       design_pynq_i/processing_system7_0/inst/PS7_i/FCLKCLK[0]
                         net (fo=1, routed)           1.193     1.193                         design_pynq_i/processing_system7_0/inst/FCLK_CLK_unbuffered[0]
    BUFGCTRL_X0Y16       BUFG (Prop_bufg_I_O)         0.101     1.294 r                       design_pynq_i/processing_system7_0/inst/buffer_fclk_clk_0.FCLK_CLK_0_BUFG/O
                         net (fo=4034, routed)        1.711     3.005                         design_pynq_i/PUF_controller_0/U0/pattern_ctrl_unit_i/clk
    SLICE_X64Y87         FDRE                                         r                       design_pynq_i/PUF_controller_0/U0/pattern_ctrl_unit_i/ASR_choice_reg[0]/C
  -------------------------------------------------------------------    ----------------------------------------
    SLICE_X64Y87         FDRE (Prop_fdre_C_Q)         0.419     3.424 r                       design_pynq_i/PUF_controller_0/U0/pattern_ctrl_unit_i/ASR_choice_reg[0]/Q
                         net (fo=129, routed)         7.934    11.358                         design_pynq_i/CHOICE_PUF_gen_0/U0/GEN_PUF[30].PUF/ASR_data_conf[0]
    SLICE_X46Y68         SRLC32E                                      r  PUF_Block_Zone       design_pynq_i/CHOICE_PUF_gen_0/U0/GEN_PUF[30].PUF/SRLC32E_inst_0/D
  -------------------------------------------------------------------    ----------------------------------------

                         (clock clk_fpga_0 rise edge)
                                                     20.000    20.000 r                       
    PS7_X0Y0             PS7                          0.000    20.000 r                       design_pynq_i/processing_system7_0/inst/PS7_i/FCLKCLK[0]
                         net (fo=1, routed)           1.088    21.088                         design_pynq_i/processing_system7_0/inst/FCLK_CLK_unbuffered[0]
    BUFGCTRL_X0Y16       BUFG (Prop_bufg_I_O)         0.091    21.179 r                       design_pynq_i/processing_system7_0/inst/buffer_fclk_clk_0.FCLK_CLK_0_BUFG/O
                         net (fo=4034, routed)        1.468    22.647                         design_pynq_i/CHOICE_PUF_gen_0/U0/GEN_PUF[30].PUF/clk
    SLICE_X46Y68         SRLC32E                                      r  PUF_Block_Zone       design_pynq_i/CHOICE_PUF_gen_0/U0/GEN_PUF[30].PUF/SRLC32E_inst_0/CLK
                         clock pessimism              0.129    22.776                           
                         clock uncertainty           -0.302    22.474                           
    SLICE_X46Y68         SRLC32E (Setup_srlc32e_CLK_D)
                                                     -0.219    22.255    PUF_Block_Zone         design_pynq_i/CHOICE_PUF_gen_0/U0/GEN_PUF[30].PUF/SRLC32E_inst_0
  -------------------------------------------------------------------
                         required time                         22.255                           
                         arrival time                         -11.358                           
  -------------------------------------------------------------------
                         slack                                 10.896                           

Slack (MET) :             11.030ns  (required time - arrival time)
  Source:                 design_pynq_i/PUF_controller_0/U0/pattern_ctrl_unit_i/ASR_choice_reg[0]/C
                            (rising edge-triggered cell FDRE clocked by clk_fpga_0  {rise@0.000ns fall@10.000ns period=20.000ns})
  Destination:            design_pynq_i/CHOICE_PUF_gen_0/U0/GEN_PUF[120].PUF/SRLC32E_inst_0/D
                            (rising edge-triggered cell SRLC32E clocked by clk_fpga_0  {rise@0.000ns fall@10.000ns period=20.000ns})
  Path Group:             clk_fpga_0
  Path Type:              Setup (Max at Slow Process Corner)
  Requirement:            20.000ns  (clk_fpga_0 rise@20.000ns - clk_fpga_0 rise@0.000ns)
  Data Path Delay:        8.217ns  (logic 0.419ns (5.099%)  route 7.798ns (94.901%))
  Logic Levels:           0  
  Clock Path Skew:        -0.231ns (DCD - SCD + CPR)
    Destination Clock Delay (DCD):    2.645ns = ( 22.645 - 20.000 ) 
    Source Clock Delay      (SCD):    3.005ns
    Clock Pessimism Removal (CPR):    0.129ns
  Clock Uncertainty:      0.302ns  ((TSJ^2 + TIJ^2)^1/2 + DJ) / 2 + PE
    Total System Jitter     (TSJ):    0.071ns
    Total Input Jitter      (TIJ):    0.600ns
    Discrete Jitter          (DJ):    0.000ns
    Phase Error              (PE):    0.000ns

    Location             Delay type                Incr(ns)  Path(ns)    PBlock               Netlist Resource(s)
  -------------------------------------------------------------------    ----------------------------------------
                         (clock clk_fpga_0 rise edge)
                                                      0.000     0.000 r                       
    PS7_X0Y0             PS7                          0.000     0.000 r                       design_pynq_i/processing_system7_0/inst/PS7_i/FCLKCLK[0]
                         net (fo=1, routed)           1.193     1.193                         design_pynq_i/processing_system7_0/inst/FCLK_CLK_unbuffered[0]
    BUFGCTRL_X0Y16       BUFG (Prop_bufg_I_O)         0.101     1.294 r                       design_pynq_i/processing_system7_0/inst/buffer_fclk_clk_0.FCLK_CLK_0_BUFG/O
                         net (fo=4034, routed)        1.711     3.005                         design_pynq_i/PUF_controller_0/U0/pattern_ctrl_unit_i/clk
    SLICE_X64Y87         FDRE                                         r                       design_pynq_i/PUF_controller_0/U0/pattern_ctrl_unit_i/ASR_choice_reg[0]/C
  -------------------------------------------------------------------    ----------------------------------------
    SLICE_X64Y87         FDRE (Prop_fdre_C_Q)         0.419     3.424 r                       design_pynq_i/PUF_controller_0/U0/pattern_ctrl_unit_i/ASR_choice_reg[0]/Q
                         net (fo=129, routed)         7.798    11.222                         design_pynq_i/CHOICE_PUF_gen_0/U0/GEN_PUF[120].PUF/ASR_data_conf[0]
    SLICE_X46Y71         SRLC32E                                      r  PUF_Block_Zone       design_pynq_i/CHOICE_PUF_gen_0/U0/GEN_PUF[120].PUF/SRLC32E_inst_0/D
  -------------------------------------------------------------------    ----------------------------------------

                         (clock clk_fpga_0 rise edge)
                                                     20.000    20.000 r                       
    PS7_X0Y0             PS7                          0.000    20.000 r                       design_pynq_i/processing_system7_0/inst/PS7_i/FCLKCLK[0]
                         net (fo=1, routed)           1.088    21.088                         design_pynq_i/processing_system7_0/inst/FCLK_CLK_unbuffered[0]
    BUFGCTRL_X0Y16       BUFG (Prop_bufg_I_O)         0.091    21.179 r                       design_pynq_i/processing_system7_0/inst/buffer_fclk_clk_0.FCLK_CLK_0_BUFG/O
                         net (fo=4034, routed)        1.466    22.645                         design_pynq_i/CHOICE_PUF_gen_0/U0/GEN_PUF[120].PUF/clk
    SLICE_X46Y71         SRLC32E                                      r  PUF_Block_Zone       design_pynq_i/CHOICE_PUF_gen_0/U0/GEN_PUF[120].PUF/SRLC32E_inst_0/CLK
                         clock pessimism              0.129    22.774                           
                         clock uncertainty           -0.302    22.472                           
    SLICE_X46Y71         SRLC32E (Setup_srlc32e_CLK_D)
                                                     -0.219    22.253    PUF_Block_Zone         design_pynq_i/CHOICE_PUF_gen_0/U0/GEN_PUF[120].PUF/SRLC32E_inst_0
  -------------------------------------------------------------------
                         required time                         22.253                           
                         arrival time                         -11.222                           
  -------------------------------------------------------------------
                         slack                                 11.030                           

Slack (MET) :             11.179ns  (required time - arrival time)
  Source:                 design_pynq_i/PUF_controller_0/U0/pattern_ctrl_unit_i/ASR_choice_reg[0]/C
                            (rising edge-triggered cell FDRE clocked by clk_fpga_0  {rise@0.000ns fall@10.000ns period=20.000ns})
  Destination:            design_pynq_i/CHOICE_PUF_gen_0/U0/GEN_PUF[105].PUF/SRLC32E_inst_0/D
                            (rising edge-triggered cell SRLC32E clocked by clk_fpga_0  {rise@0.000ns fall@10.000ns period=20.000ns})
  Path Group:             clk_fpga_0
  Path Type:              Setup (Max at Slow Process Corner)
  Requirement:            20.000ns  (clk_fpga_0 rise@20.000ns - clk_fpga_0 rise@0.000ns)
  Data Path Delay:        8.069ns  (logic 0.419ns (5.192%)  route 7.650ns (94.808%))
  Logic Levels:           0  
  Clock Path Skew:        -0.230ns (DCD - SCD + CPR)
    Destination Clock Delay (DCD):    2.646ns = ( 22.646 - 20.000 ) 
    Source Clock Delay      (SCD):    3.005ns
    Clock Pessimism Removal (CPR):    0.129ns
  Clock Uncertainty:      0.302ns  ((TSJ^2 + TIJ^2)^1/2 + DJ) / 2 + PE
    Total System Jitter     (TSJ):    0.071ns
    Total Input Jitter      (TIJ):    0.600ns
    Discrete Jitter          (DJ):    0.000ns
    Phase Error              (PE):    0.000ns

    Location             Delay type                Incr(ns)  Path(ns)    PBlock               Netlist Resource(s)
  -------------------------------------------------------------------    ----------------------------------------
                         (clock clk_fpga_0 rise edge)
                                                      0.000     0.000 r                       
    PS7_X0Y0             PS7                          0.000     0.000 r                       design_pynq_i/processing_system7_0/inst/PS7_i/FCLKCLK[0]
                         net (fo=1, routed)           1.193     1.193                         design_pynq_i/processing_system7_0/inst/FCLK_CLK_unbuffered[0]
    BUFGCTRL_X0Y16       BUFG (Prop_bufg_I_O)         0.101     1.294 r                       design_pynq_i/processing_system7_0/inst/buffer_fclk_clk_0.FCLK_CLK_0_BUFG/O
                         net (fo=4034, routed)        1.711     3.005                         design_pynq_i/PUF_controller_0/U0/pattern_ctrl_unit_i/clk
    SLICE_X64Y87         FDRE                                         r                       design_pynq_i/PUF_controller_0/U0/pattern_ctrl_unit_i/ASR_choice_reg[0]/C
  -------------------------------------------------------------------    ----------------------------------------
    SLICE_X64Y87         FDRE (Prop_fdre_C_Q)         0.419     3.424 r                       design_pynq_i/PUF_controller_0/U0/pattern_ctrl_unit_i/ASR_choice_reg[0]/Q
                         net (fo=129, routed)         7.650    11.074                         design_pynq_i/CHOICE_PUF_gen_0/U0/GEN_PUF[105].PUF/ASR_data_conf[0]
    SLICE_X42Y71         SRLC32E                                      r  PUF_Block_Zone       design_pynq_i/CHOICE_PUF_gen_0/U0/GEN_PUF[105].PUF/SRLC32E_inst_0/D
  -------------------------------------------------------------------    ----------------------------------------

                         (clock clk_fpga_0 rise edge)
                                                     20.000    20.000 r                       
    PS7_X0Y0             PS7                          0.000    20.000 r                       design_pynq_i/processing_system7_0/inst/PS7_i/FCLKCLK[0]
                         net (fo=1, routed)           1.088    21.088                         design_pynq_i/processing_system7_0/inst/FCLK_CLK_unbuffered[0]
    BUFGCTRL_X0Y16       BUFG (Prop_bufg_I_O)         0.091    21.179 r                       design_pynq_i/processing_system7_0/inst/buffer_fclk_clk_0.FCLK_CLK_0_BUFG/O
                         net (fo=4034, routed)        1.467    22.646                         design_pynq_i/CHOICE_PUF_gen_0/U0/GEN_PUF[105].PUF/clk
    SLICE_X42Y71         SRLC32E                                      r  PUF_Block_Zone       design_pynq_i/CHOICE_PUF_gen_0/U0/GEN_PUF[105].PUF/SRLC32E_inst_0/CLK
                         clock pessimism              0.129    22.775                           
                         clock uncertainty           -0.302    22.473                           
    SLICE_X42Y71         SRLC32E (Setup_srlc32e_CLK_D)
                                                     -0.219    22.254    PUF_Block_Zone         design_pynq_i/CHOICE_PUF_gen_0/U0/GEN_PUF[105].PUF/SRLC32E_inst_0
  -------------------------------------------------------------------
                         required time                         22.254                           
                         arrival time                         -11.074                           
  -------------------------------------------------------------------
                         slack                                 11.179                           

Slack (MET) :             11.180ns  (required time - arrival time)
  Source:                 design_pynq_i/PUF_controller_0/U0/pattern_ctrl_unit_i/ASR_choice_reg[0]/C
                            (rising edge-triggered cell FDRE clocked by clk_fpga_0  {rise@0.000ns fall@10.000ns period=20.000ns})
  Destination:            design_pynq_i/CHOICE_PUF_gen_0/U0/GEN_PUF[20].PUF/SRLC32E_inst_0/D
                            (rising edge-triggered cell SRLC32E clocked by clk_fpga_0  {rise@0.000ns fall@10.000ns period=20.000ns})
  Path Group:             clk_fpga_0
  Path Type:              Setup (Max at Slow Process Corner)
  Requirement:            20.000ns  (clk_fpga_0 rise@20.000ns - clk_fpga_0 rise@0.000ns)
  Data Path Delay:        8.068ns  (logic 0.419ns (5.193%)  route 7.649ns (94.807%))
  Logic Levels:           0  
  Clock Path Skew:        -0.230ns (DCD - SCD + CPR)
    Destination Clock Delay (DCD):    2.646ns = ( 22.646 - 20.000 ) 
    Source Clock Delay      (SCD):    3.005ns
    Clock Pessimism Removal (CPR):    0.129ns
  Clock Uncertainty:      0.302ns  ((TSJ^2 + TIJ^2)^1/2 + DJ) / 2 + PE
    Total System Jitter     (TSJ):    0.071ns
    Total Input Jitter      (TIJ):    0.600ns
    Discrete Jitter          (DJ):    0.000ns
    Phase Error              (PE):    0.000ns

    Location             Delay type                Incr(ns)  Path(ns)    PBlock               Netlist Resource(s)
  -------------------------------------------------------------------    ----------------------------------------
                         (clock clk_fpga_0 rise edge)
                                                      0.000     0.000 r                       
    PS7_X0Y0             PS7                          0.000     0.000 r                       design_pynq_i/processing_system7_0/inst/PS7_i/FCLKCLK[0]
                         net (fo=1, routed)           1.193     1.193                         design_pynq_i/processing_system7_0/inst/FCLK_CLK_unbuffered[0]
    BUFGCTRL_X0Y16       BUFG (Prop_bufg_I_O)         0.101     1.294 r                       design_pynq_i/processing_system7_0/inst/buffer_fclk_clk_0.FCLK_CLK_0_BUFG/O
                         net (fo=4034, routed)        1.711     3.005                         design_pynq_i/PUF_controller_0/U0/pattern_ctrl_unit_i/clk
    SLICE_X64Y87         FDRE                                         r                       design_pynq_i/PUF_controller_0/U0/pattern_ctrl_unit_i/ASR_choice_reg[0]/C
  -------------------------------------------------------------------    ----------------------------------------
    SLICE_X64Y87         FDRE (Prop_fdre_C_Q)         0.419     3.424 r                       design_pynq_i/PUF_controller_0/U0/pattern_ctrl_unit_i/ASR_choice_reg[0]/Q
                         net (fo=129, routed)         7.649    11.073                         design_pynq_i/CHOICE_PUF_gen_0/U0/GEN_PUF[20].PUF/ASR_data_conf[0]
    SLICE_X46Y69         SRLC32E                                      r  PUF_Block_Zone       design_pynq_i/CHOICE_PUF_gen_0/U0/GEN_PUF[20].PUF/SRLC32E_inst_0/D
  -------------------------------------------------------------------    ----------------------------------------

                         (clock clk_fpga_0 rise edge)
                                                     20.000    20.000 r                       
    PS7_X0Y0             PS7                          0.000    20.000 r                       design_pynq_i/processing_system7_0/inst/PS7_i/FCLKCLK[0]
                         net (fo=1, routed)           1.088    21.088                         design_pynq_i/processing_system7_0/inst/FCLK_CLK_unbuffered[0]
    BUFGCTRL_X0Y16       BUFG (Prop_bufg_I_O)         0.091    21.179 r                       design_pynq_i/processing_system7_0/inst/buffer_fclk_clk_0.FCLK_CLK_0_BUFG/O
                         net (fo=4034, routed)        1.467    22.646                         design_pynq_i/CHOICE_PUF_gen_0/U0/GEN_PUF[20].PUF/clk
    SLICE_X46Y69         SRLC32E                                      r  PUF_Block_Zone       design_pynq_i/CHOICE_PUF_gen_0/U0/GEN_PUF[20].PUF/SRLC32E_inst_0/CLK
                         clock pessimism              0.129    22.775                           
                         clock uncertainty           -0.302    22.473                           
    SLICE_X46Y69         SRLC32E (Setup_srlc32e_CLK_D)
                                                     -0.219    22.254    PUF_Block_Zone         design_pynq_i/CHOICE_PUF_gen_0/U0/GEN_PUF[20].PUF/SRLC32E_inst_0
  -------------------------------------------------------------------
                         required time                         22.254                           
                         arrival time                         -11.073                           
  -------------------------------------------------------------------
                         slack                                 11.180                           

Slack (MET) :             11.473ns  (required time - arrival time)
  Source:                 design_pynq_i/PUF_controller_0/U0/pattern_ctrl_unit_i/ASR_choice_reg[0]/C
                            (rising edge-triggered cell FDRE clocked by clk_fpga_0  {rise@0.000ns fall@10.000ns period=20.000ns})
  Destination:            design_pynq_i/CHOICE_PUF_gen_0/U0/GEN_PUF[24].PUF/SRLC32E_inst_0/D
                            (rising edge-triggered cell SRLC32E clocked by clk_fpga_0  {rise@0.000ns fall@10.000ns period=20.000ns})
  Path Group:             clk_fpga_0
  Path Type:              Setup (Max at Slow Process Corner)
  Requirement:            20.000ns  (clk_fpga_0 rise@20.000ns - clk_fpga_0 rise@0.000ns)
  Data Path Delay:        7.777ns  (logic 0.419ns (5.388%)  route 7.358ns (94.612%))
  Logic Levels:           0  
  Clock Path Skew:        -0.229ns (DCD - SCD + CPR)
    Destination Clock Delay (DCD):    2.647ns = ( 22.647 - 20.000 ) 
    Source Clock Delay      (SCD):    3.005ns
    Clock Pessimism Removal (CPR):    0.129ns
  Clock Uncertainty:      0.302ns  ((TSJ^2 + TIJ^2)^1/2 + DJ) / 2 + PE
    Total System Jitter     (TSJ):    0.071ns
    Total Input Jitter      (TIJ):    0.600ns
    Discrete Jitter          (DJ):    0.000ns
    Phase Error              (PE):    0.000ns

    Location             Delay type                Incr(ns)  Path(ns)    PBlock               Netlist Resource(s)
  -------------------------------------------------------------------    ----------------------------------------
                         (clock clk_fpga_0 rise edge)
                                                      0.000     0.000 r                       
    PS7_X0Y0             PS7                          0.000     0.000 r                       design_pynq_i/processing_system7_0/inst/PS7_i/FCLKCLK[0]
                         net (fo=1, routed)           1.193     1.193                         design_pynq_i/processing_system7_0/inst/FCLK_CLK_unbuffered[0]
    BUFGCTRL_X0Y16       BUFG (Prop_bufg_I_O)         0.101     1.294 r                       design_pynq_i/processing_system7_0/inst/buffer_fclk_clk_0.FCLK_CLK_0_BUFG/O
                         net (fo=4034, routed)        1.711     3.005                         design_pynq_i/PUF_controller_0/U0/pattern_ctrl_unit_i/clk
    SLICE_X64Y87         FDRE                                         r                       design_pynq_i/PUF_controller_0/U0/pattern_ctrl_unit_i/ASR_choice_reg[0]/C
  -------------------------------------------------------------------    ----------------------------------------
    SLICE_X64Y87         FDRE (Prop_fdre_C_Q)         0.419     3.424 r                       design_pynq_i/PUF_controller_0/U0/pattern_ctrl_unit_i/ASR_choice_reg[0]/Q
                         net (fo=129, routed)         7.358    10.782                         design_pynq_i/CHOICE_PUF_gen_0/U0/GEN_PUF[24].PUF/ASR_data_conf[0]
    SLICE_X42Y69         SRLC32E                                      r  PUF_Block_Zone       design_pynq_i/CHOICE_PUF_gen_0/U0/GEN_PUF[24].PUF/SRLC32E_inst_0/D
  -------------------------------------------------------------------    ----------------------------------------

                         (clock clk_fpga_0 rise edge)
                                                     20.000    20.000 r                       
    PS7_X0Y0             PS7                          0.000    20.000 r                       design_pynq_i/processing_system7_0/inst/PS7_i/FCLKCLK[0]
                         net (fo=1, routed)           1.088    21.088                         design_pynq_i/processing_system7_0/inst/FCLK_CLK_unbuffered[0]
    BUFGCTRL_X0Y16       BUFG (Prop_bufg_I_O)         0.091    21.179 r                       design_pynq_i/processing_system7_0/inst/buffer_fclk_clk_0.FCLK_CLK_0_BUFG/O
                         net (fo=4034, routed)        1.468    22.647                         design_pynq_i/CHOICE_PUF_gen_0/U0/GEN_PUF[24].PUF/clk
    SLICE_X42Y69         SRLC32E                                      r  PUF_Block_Zone       design_pynq_i/CHOICE_PUF_gen_0/U0/GEN_PUF[24].PUF/SRLC32E_inst_0/CLK
                         clock pessimism              0.129    22.776                           
                         clock uncertainty           -0.302    22.474                           
    SLICE_X42Y69         SRLC32E (Setup_srlc32e_CLK_D)
                                                     -0.219    22.255    PUF_Block_Zone         design_pynq_i/CHOICE_PUF_gen_0/U0/GEN_PUF[24].PUF/SRLC32E_inst_0
  -------------------------------------------------------------------
                         required time                         22.255                           
                         arrival time                         -10.782                           
  -------------------------------------------------------------------
                         slack                                 11.473                           

Slack (MET) :             11.671ns  (required time - arrival time)
  Source:                 design_pynq_i/processing_system7_0/inst/PS7_i/MAXIGP0ACLK
                            (rising edge-triggered cell PS7 clocked by clk_fpga_0  {rise@0.000ns fall@10.000ns period=20.000ns})
  Destination:            design_pynq_i/xadc_wiz_0/U0/AXI_XADC_CORE_I/XADC_INST/DI[0]
                            (rising edge-triggered cell XADC clocked by clk_fpga_0  {rise@0.000ns fall@10.000ns period=20.000ns})
  Path Group:             clk_fpga_0
  Path Type:              Setup (Max at Slow Process Corner)
  Requirement:            20.000ns  (clk_fpga_0 rise@20.000ns - clk_fpga_0 rise@0.000ns)
  Data Path Delay:        7.358ns  (logic 1.450ns (19.706%)  route 5.908ns (80.294%))
  Logic Levels:           0  
  Clock Path Skew:        -0.021ns (DCD - SCD + CPR)
    Destination Clock Delay (DCD):    2.881ns = ( 22.881 - 20.000 ) 
    Source Clock Delay      (SCD):    3.031ns
    Clock Pessimism Removal (CPR):    0.129ns
  Clock Uncertainty:      0.302ns  ((TSJ^2 + TIJ^2)^1/2 + DJ) / 2 + PE
    Total System Jitter     (TSJ):    0.071ns
    Total Input Jitter      (TIJ):    0.600ns
    Discrete Jitter          (DJ):    0.000ns
    Phase Error              (PE):    0.000ns

    Location             Delay type                Incr(ns)  Path(ns)    Netlist Resource(s)
  -------------------------------------------------------------------    -------------------
                         (clock clk_fpga_0 rise edge)
                                                      0.000     0.000 r  
    PS7_X0Y0             PS7                          0.000     0.000 r  design_pynq_i/processing_system7_0/inst/PS7_i/FCLKCLK[0]
                         net (fo=1, routed)           1.193     1.193    design_pynq_i/processing_system7_0/inst/FCLK_CLK_unbuffered[0]
    BUFGCTRL_X0Y16       BUFG (Prop_bufg_I_O)         0.101     1.294 r  design_pynq_i/processing_system7_0/inst/buffer_fclk_clk_0.FCLK_CLK_0_BUFG/O
                         net (fo=4034, routed)        1.737     3.031    design_pynq_i/processing_system7_0/inst/M_AXI_GP0_ACLK
    PS7_X0Y0             PS7                                          r  design_pynq_i/processing_system7_0/inst/PS7_i/MAXIGP0ACLK
  -------------------------------------------------------------------    -------------------
    PS7_X0Y0             PS7 (Prop_ps7_MAXIGP0ACLK_MAXIGP0WDATA[0])
                                                      1.450     4.481 r  design_pynq_i/processing_system7_0/inst/PS7_i/MAXIGP0WDATA[0]
                         net (fo=10, routed)          5.908    10.389    design_pynq_i/xadc_wiz_0/U0/AXI_XADC_CORE_I/s_axi_wdata[0]
    XADC_X0Y0            XADC                                         r  design_pynq_i/xadc_wiz_0/U0/AXI_XADC_CORE_I/XADC_INST/DI[0]
  -------------------------------------------------------------------    -------------------

                         (clock clk_fpga_0 rise edge)
                                                     20.000    20.000 r  
    PS7_X0Y0             PS7                          0.000    20.000 r  design_pynq_i/processing_system7_0/inst/PS7_i/FCLKCLK[0]
                         net (fo=1, routed)           1.088    21.088    design_pynq_i/processing_system7_0/inst/FCLK_CLK_unbuffered[0]
    BUFGCTRL_X0Y16       BUFG (Prop_bufg_I_O)         0.091    21.179 r  design_pynq_i/processing_system7_0/inst/buffer_fclk_clk_0.FCLK_CLK_0_BUFG/O
                         net (fo=4034, routed)        1.702    22.881    design_pynq_i/xadc_wiz_0/U0/AXI_XADC_CORE_I/s_axi_aclk
    XADC_X0Y0            XADC                                         r  design_pynq_i/xadc_wiz_0/U0/AXI_XADC_CORE_I/XADC_INST/DCLK
                         clock pessimism              0.129    23.010    
                         clock uncertainty           -0.302    22.708    
    XADC_X0Y0            XADC (Setup_xadc_DCLK_DI[0])
                                                     -0.648    22.060    design_pynq_i/xadc_wiz_0/U0/AXI_XADC_CORE_I/XADC_INST
  -------------------------------------------------------------------
                         required time                         22.060    
                         arrival time                         -10.389    
  -------------------------------------------------------------------
                         slack                                 11.671    

Slack (MET) :             11.735ns  (required time - arrival time)
  Source:                 design_pynq_i/PUF_controller_0/U0/pattern_ctrl_unit_i/ASR_choice_reg[0]/C
                            (rising edge-triggered cell FDRE clocked by clk_fpga_0  {rise@0.000ns fall@10.000ns period=20.000ns})
  Destination:            design_pynq_i/CHOICE_PUF_gen_0/U0/GEN_PUF[126].PUF/SRLC32E_inst_0/D
                            (rising edge-triggered cell SRLC32E clocked by clk_fpga_0  {rise@0.000ns fall@10.000ns period=20.000ns})
  Path Group:             clk_fpga_0
  Path Type:              Setup (Max at Slow Process Corner)
  Requirement:            20.000ns  (clk_fpga_0 rise@20.000ns - clk_fpga_0 rise@0.000ns)
  Data Path Delay:        7.510ns  (logic 0.419ns (5.579%)  route 7.091ns (94.421%))
  Logic Levels:           0  
  Clock Path Skew:        -0.234ns (DCD - SCD + CPR)
    Destination Clock Delay (DCD):    2.642ns = ( 22.642 - 20.000 ) 
    Source Clock Delay      (SCD):    3.005ns
    Clock Pessimism Removal (CPR):    0.129ns
  Clock Uncertainty:      0.302ns  ((TSJ^2 + TIJ^2)^1/2 + DJ) / 2 + PE
    Total System Jitter     (TSJ):    0.071ns
    Total Input Jitter      (TIJ):    0.600ns
    Discrete Jitter          (DJ):    0.000ns
    Phase Error              (PE):    0.000ns

    Location             Delay type                Incr(ns)  Path(ns)    PBlock               Netlist Resource(s)
  -------------------------------------------------------------------    ----------------------------------------
                         (clock clk_fpga_0 rise edge)
                                                      0.000     0.000 r                       
    PS7_X0Y0             PS7                          0.000     0.000 r                       design_pynq_i/processing_system7_0/inst/PS7_i/FCLKCLK[0]
                         net (fo=1, routed)           1.193     1.193                         design_pynq_i/processing_system7_0/inst/FCLK_CLK_unbuffered[0]
    BUFGCTRL_X0Y16       BUFG (Prop_bufg_I_O)         0.101     1.294 r                       design_pynq_i/processing_system7_0/inst/buffer_fclk_clk_0.FCLK_CLK_0_BUFG/O
                         net (fo=4034, routed)        1.711     3.005                         design_pynq_i/PUF_controller_0/U0/pattern_ctrl_unit_i/clk
    SLICE_X64Y87         FDRE                                         r                       design_pynq_i/PUF_controller_0/U0/pattern_ctrl_unit_i/ASR_choice_reg[0]/C
  -------------------------------------------------------------------    ----------------------------------------
    SLICE_X64Y87         FDRE (Prop_fdre_C_Q)         0.419     3.424 r                       design_pynq_i/PUF_controller_0/U0/pattern_ctrl_unit_i/ASR_choice_reg[0]/Q
                         net (fo=129, routed)         7.091    10.515                         design_pynq_i/CHOICE_PUF_gen_0/U0/GEN_PUF[126].PUF/ASR_data_conf[0]
    SLICE_X46Y76         SRLC32E                                      r  PUF_Block_Zone       design_pynq_i/CHOICE_PUF_gen_0/U0/GEN_PUF[126].PUF/SRLC32E_inst_0/D
  -------------------------------------------------------------------    ----------------------------------------

                         (clock clk_fpga_0 rise edge)
                                                     20.000    20.000 r                       
    PS7_X0Y0             PS7                          0.000    20.000 r                       design_pynq_i/processing_system7_0/inst/PS7_i/FCLKCLK[0]
                         net (fo=1, routed)           1.088    21.088                         design_pynq_i/processing_system7_0/inst/FCLK_CLK_unbuffered[0]
    BUFGCTRL_X0Y16       BUFG (Prop_bufg_I_O)         0.091    21.179 r                       design_pynq_i/processing_system7_0/inst/buffer_fclk_clk_0.FCLK_CLK_0_BUFG/O
                         net (fo=4034, routed)        1.463    22.642                         design_pynq_i/CHOICE_PUF_gen_0/U0/GEN_PUF[126].PUF/clk
    SLICE_X46Y76         SRLC32E                                      r  PUF_Block_Zone       design_pynq_i/CHOICE_PUF_gen_0/U0/GEN_PUF[126].PUF/SRLC32E_inst_0/CLK
                         clock pessimism              0.129    22.771                           
                         clock uncertainty           -0.302    22.469                           
    SLICE_X46Y76         SRLC32E (Setup_srlc32e_CLK_D)
                                                     -0.219    22.250    PUF_Block_Zone         design_pynq_i/CHOICE_PUF_gen_0/U0/GEN_PUF[126].PUF/SRLC32E_inst_0
  -------------------------------------------------------------------
                         required time                         22.250                           
                         arrival time                         -10.515                           
  -------------------------------------------------------------------
                         slack                                 11.735                           

Slack (MET) :             11.758ns  (required time - arrival time)
  Source:                 design_pynq_i/PUF_controller_0/U0/pattern_ctrl_unit_i/ASR_choice_reg[0]/C
                            (rising edge-triggered cell FDRE clocked by clk_fpga_0  {rise@0.000ns fall@10.000ns period=20.000ns})
  Destination:            design_pynq_i/CHOICE_PUF_gen_0/U0/GEN_PUF[3].PUF/SRLC32E_inst_0/D
                            (rising edge-triggered cell SRLC32E clocked by clk_fpga_0  {rise@0.000ns fall@10.000ns period=20.000ns})
  Path Group:             clk_fpga_0
  Path Type:              Setup (Max at Slow Process Corner)
  Requirement:            20.000ns  (clk_fpga_0 rise@20.000ns - clk_fpga_0 rise@0.000ns)
  Data Path Delay:        7.488ns  (logic 0.419ns (5.596%)  route 7.069ns (94.404%))
  Logic Levels:           0  
  Clock Path Skew:        -0.233ns (DCD - SCD + CPR)
    Destination Clock Delay (DCD):    2.643ns = ( 22.643 - 20.000 ) 
    Source Clock Delay      (SCD):    3.005ns
    Clock Pessimism Removal (CPR):    0.129ns
  Clock Uncertainty:      0.302ns  ((TSJ^2 + TIJ^2)^1/2 + DJ) / 2 + PE
    Total System Jitter     (TSJ):    0.071ns
    Total Input Jitter      (TIJ):    0.600ns
    Discrete Jitter          (DJ):    0.000ns
    Phase Error              (PE):    0.000ns

    Location             Delay type                Incr(ns)  Path(ns)    PBlock               Netlist Resource(s)
  -------------------------------------------------------------------    ----------------------------------------
                         (clock clk_fpga_0 rise edge)
                                                      0.000     0.000 r                       
    PS7_X0Y0             PS7                          0.000     0.000 r                       design_pynq_i/processing_system7_0/inst/PS7_i/FCLKCLK[0]
                         net (fo=1, routed)           1.193     1.193                         design_pynq_i/processing_system7_0/inst/FCLK_CLK_unbuffered[0]
    BUFGCTRL_X0Y16       BUFG (Prop_bufg_I_O)         0.101     1.294 r                       design_pynq_i/processing_system7_0/inst/buffer_fclk_clk_0.FCLK_CLK_0_BUFG/O
                         net (fo=4034, routed)        1.711     3.005                         design_pynq_i/PUF_controller_0/U0/pattern_ctrl_unit_i/clk
    SLICE_X64Y87         FDRE                                         r                       design_pynq_i/PUF_controller_0/U0/pattern_ctrl_unit_i/ASR_choice_reg[0]/C
  -------------------------------------------------------------------    ----------------------------------------
    SLICE_X64Y87         FDRE (Prop_fdre_C_Q)         0.419     3.424 r                       design_pynq_i/PUF_controller_0/U0/pattern_ctrl_unit_i/ASR_choice_reg[0]/Q
                         net (fo=129, routed)         7.069    10.493                         design_pynq_i/CHOICE_PUF_gen_0/U0/GEN_PUF[3].PUF/ASR_data_conf[0]
    SLICE_X46Y72         SRLC32E                                      r  PUF_Block_Zone       design_pynq_i/CHOICE_PUF_gen_0/U0/GEN_PUF[3].PUF/SRLC32E_inst_0/D
  -------------------------------------------------------------------    ----------------------------------------

                         (clock clk_fpga_0 rise edge)
                                                     20.000    20.000 r                       
    PS7_X0Y0             PS7                          0.000    20.000 r                       design_pynq_i/processing_system7_0/inst/PS7_i/FCLKCLK[0]
                         net (fo=1, routed)           1.088    21.088                         design_pynq_i/processing_system7_0/inst/FCLK_CLK_unbuffered[0]
    BUFGCTRL_X0Y16       BUFG (Prop_bufg_I_O)         0.091    21.179 r                       design_pynq_i/processing_system7_0/inst/buffer_fclk_clk_0.FCLK_CLK_0_BUFG/O
                         net (fo=4034, routed)        1.464    22.643                         design_pynq_i/CHOICE_PUF_gen_0/U0/GEN_PUF[3].PUF/clk
    SLICE_X46Y72         SRLC32E                                      r  PUF_Block_Zone       design_pynq_i/CHOICE_PUF_gen_0/U0/GEN_PUF[3].PUF/SRLC32E_inst_0/CLK
                         clock pessimism              0.129    22.772                           
                         clock uncertainty           -0.302    22.470                           
    SLICE_X46Y72         SRLC32E (Setup_srlc32e_CLK_D)
                                                     -0.219    22.251    PUF_Block_Zone         design_pynq_i/CHOICE_PUF_gen_0/U0/GEN_PUF[3].PUF/SRLC32E_inst_0
  -------------------------------------------------------------------
                         required time                         22.251                           
                         arrival time                         -10.493                           
  -------------------------------------------------------------------
                         slack                                 11.758                           

Slack (MET) :             11.774ns  (required time - arrival time)
  Source:                 design_pynq_i/PUF_controller_0/U0/pattern_ctrl_unit_i/ASR_choice_reg[0]/C
                            (rising edge-triggered cell FDRE clocked by clk_fpga_0  {rise@0.000ns fall@10.000ns period=20.000ns})
  Destination:            design_pynq_i/CHOICE_PUF_gen_0/U0/GEN_PUF[56].PUF/SRLC32E_inst_0/D
                            (rising edge-triggered cell SRLC32E clocked by clk_fpga_0  {rise@0.000ns fall@10.000ns period=20.000ns})
  Path Group:             clk_fpga_0
  Path Type:              Setup (Max at Slow Process Corner)
  Requirement:            20.000ns  (clk_fpga_0 rise@20.000ns - clk_fpga_0 rise@0.000ns)
  Data Path Delay:        7.475ns  (logic 0.419ns (5.605%)  route 7.056ns (94.395%))
  Logic Levels:           0  
  Clock Path Skew:        -0.229ns (DCD - SCD + CPR)
    Destination Clock Delay (DCD):    2.647ns = ( 22.647 - 20.000 ) 
    Source Clock Delay      (SCD):    3.005ns
    Clock Pessimism Removal (CPR):    0.129ns
  Clock Uncertainty:      0.302ns  ((TSJ^2 + TIJ^2)^1/2 + DJ) / 2 + PE
    Total System Jitter     (TSJ):    0.071ns
    Total Input Jitter      (TIJ):    0.600ns
    Discrete Jitter          (DJ):    0.000ns
    Phase Error              (PE):    0.000ns

    Location             Delay type                Incr(ns)  Path(ns)    PBlock               Netlist Resource(s)
  -------------------------------------------------------------------    ----------------------------------------
                         (clock clk_fpga_0 rise edge)
                                                      0.000     0.000 r                       
    PS7_X0Y0             PS7                          0.000     0.000 r                       design_pynq_i/processing_system7_0/inst/PS7_i/FCLKCLK[0]
                         net (fo=1, routed)           1.193     1.193                         design_pynq_i/processing_system7_0/inst/FCLK_CLK_unbuffered[0]
    BUFGCTRL_X0Y16       BUFG (Prop_bufg_I_O)         0.101     1.294 r                       design_pynq_i/processing_system7_0/inst/buffer_fclk_clk_0.FCLK_CLK_0_BUFG/O
                         net (fo=4034, routed)        1.711     3.005                         design_pynq_i/PUF_controller_0/U0/pattern_ctrl_unit_i/clk
    SLICE_X64Y87         FDRE                                         r                       design_pynq_i/PUF_controller_0/U0/pattern_ctrl_unit_i/ASR_choice_reg[0]/C
  -------------------------------------------------------------------    ----------------------------------------
    SLICE_X64Y87         FDRE (Prop_fdre_C_Q)         0.419     3.424 r                       design_pynq_i/PUF_controller_0/U0/pattern_ctrl_unit_i/ASR_choice_reg[0]/Q
                         net (fo=129, routed)         7.056    10.480                         design_pynq_i/CHOICE_PUF_gen_0/U0/GEN_PUF[56].PUF/ASR_data_conf[0]
    SLICE_X38Y69         SRLC32E                                      r  PUF_Block_Zone       design_pynq_i/CHOICE_PUF_gen_0/U0/GEN_PUF[56].PUF/SRLC32E_inst_0/D
  -------------------------------------------------------------------    ----------------------------------------

                         (clock clk_fpga_0 rise edge)
                                                     20.000    20.000 r                       
    PS7_X0Y0             PS7                          0.000    20.000 r                       design_pynq_i/processing_system7_0/inst/PS7_i/FCLKCLK[0]
                         net (fo=1, routed)           1.088    21.088                         design_pynq_i/processing_system7_0/inst/FCLK_CLK_unbuffered[0]
    BUFGCTRL_X0Y16       BUFG (Prop_bufg_I_O)         0.091    21.179 r                       design_pynq_i/processing_system7_0/inst/buffer_fclk_clk_0.FCLK_CLK_0_BUFG/O
                         net (fo=4034, routed)        1.468    22.647                         design_pynq_i/CHOICE_PUF_gen_0/U0/GEN_PUF[56].PUF/clk
    SLICE_X38Y69         SRLC32E                                      r  PUF_Block_Zone       design_pynq_i/CHOICE_PUF_gen_0/U0/GEN_PUF[56].PUF/SRLC32E_inst_0/CLK
                         clock pessimism              0.129    22.776                           
                         clock uncertainty           -0.302    22.474                           
    SLICE_X38Y69         SRLC32E (Setup_srlc32e_CLK_D)
                                                     -0.219    22.255    PUF_Block_Zone         design_pynq_i/CHOICE_PUF_gen_0/U0/GEN_PUF[56].PUF/SRLC32E_inst_0
  -------------------------------------------------------------------
                         required time                         22.255                           
                         arrival time                         -10.480                           
  -------------------------------------------------------------------
                         slack                                 11.774                           

Slack (MET) :             11.801ns  (required time - arrival time)
  Source:                 design_pynq_i/processing_system7_0/inst/PS7_i/MAXIGP0ACLK
                            (rising edge-triggered cell PS7 clocked by clk_fpga_0  {rise@0.000ns fall@10.000ns period=20.000ns})
  Destination:            design_pynq_i/ps7_0_axi_periph/s00_couplers/auto_pc/inst/gen_axilite.gen_b2s_conv.axilite_b2s/SI_REG/r.r_pipe/m_payload_i_reg[35]/CE
                            (rising edge-triggered cell FDRE clocked by clk_fpga_0  {rise@0.000ns fall@10.000ns period=20.000ns})
  Path Group:             clk_fpga_0
  Path Type:              Setup (Max at Slow Process Corner)
  Requirement:            20.000ns  (clk_fpga_0 rise@20.000ns - clk_fpga_0 rise@0.000ns)
  Data Path Delay:        7.536ns  (logic 1.481ns (19.654%)  route 6.055ns (80.347%))
  Logic Levels:           1  (LUT2=1)
  Clock Path Skew:        -0.156ns (DCD - SCD + CPR)
    Destination Clock Delay (DCD):    2.760ns = ( 22.760 - 20.000 ) 
    Source Clock Delay      (SCD):    3.031ns
    Clock Pessimism Removal (CPR):    0.115ns
  Clock Uncertainty:      0.302ns  ((TSJ^2 + TIJ^2)^1/2 + DJ) / 2 + PE
    Total System Jitter     (TSJ):    0.071ns
    Total Input Jitter      (TIJ):    0.600ns
    Discrete Jitter          (DJ):    0.000ns
    Phase Error              (PE):    0.000ns

    Location             Delay type                Incr(ns)  Path(ns)    Netlist Resource(s)
  -------------------------------------------------------------------    -------------------
                         (clock clk_fpga_0 rise edge)
                                                      0.000     0.000 r  
    PS7_X0Y0             PS7                          0.000     0.000 r  design_pynq_i/processing_system7_0/inst/PS7_i/FCLKCLK[0]
                         net (fo=1, routed)           1.193     1.193    design_pynq_i/processing_system7_0/inst/FCLK_CLK_unbuffered[0]
    BUFGCTRL_X0Y16       BUFG (Prop_bufg_I_O)         0.101     1.294 r  design_pynq_i/processing_system7_0/inst/buffer_fclk_clk_0.FCLK_CLK_0_BUFG/O
                         net (fo=4034, routed)        1.737     3.031    design_pynq_i/processing_system7_0/inst/M_AXI_GP0_ACLK
    PS7_X0Y0             PS7                                          r  design_pynq_i/processing_system7_0/inst/PS7_i/MAXIGP0ACLK
  -------------------------------------------------------------------    -------------------
    PS7_X0Y0             PS7 (Prop_ps7_MAXIGP0ACLK_MAXIGP0RREADY)
                                                      1.357     4.388 r  design_pynq_i/processing_system7_0/inst/PS7_i/MAXIGP0RREADY
                         net (fo=3, routed)           1.342     5.730    design_pynq_i/ps7_0_axi_periph/s00_couplers/auto_pc/inst/gen_axilite.gen_b2s_conv.axilite_b2s/SI_REG/r.r_pipe/s_axi_rready
    SLICE_X33Y100        LUT2 (Prop_lut2_I0_O)        0.124     5.854 r  design_pynq_i/ps7_0_axi_periph/s00_couplers/auto_pc/inst/gen_axilite.gen_b2s_conv.axilite_b2s/SI_REG/r.r_pipe/m_payload_i[46]_i_1/O
                         net (fo=47, routed)          4.712    10.566    design_pynq_i/ps7_0_axi_periph/s00_couplers/auto_pc/inst/gen_axilite.gen_b2s_conv.axilite_b2s/SI_REG/r.r_pipe/p_1_in
    SLICE_X21Y49         FDRE                                         r  design_pynq_i/ps7_0_axi_periph/s00_couplers/auto_pc/inst/gen_axilite.gen_b2s_conv.axilite_b2s/SI_REG/r.r_pipe/m_payload_i_reg[35]/CE
  -------------------------------------------------------------------    -------------------

                         (clock clk_fpga_0 rise edge)
                                                     20.000    20.000 r  
    PS7_X0Y0             PS7                          0.000    20.000 r  design_pynq_i/processing_system7_0/inst/PS7_i/FCLKCLK[0]
                         net (fo=1, routed)           1.088    21.088    design_pynq_i/processing_system7_0/inst/FCLK_CLK_unbuffered[0]
    BUFGCTRL_X0Y16       BUFG (Prop_bufg_I_O)         0.091    21.179 r  design_pynq_i/processing_system7_0/inst/buffer_fclk_clk_0.FCLK_CLK_0_BUFG/O
                         net (fo=4034, routed)        1.580    22.760    design_pynq_i/ps7_0_axi_periph/s00_couplers/auto_pc/inst/gen_axilite.gen_b2s_conv.axilite_b2s/SI_REG/r.r_pipe/aclk
    SLICE_X21Y49         FDRE                                         r  design_pynq_i/ps7_0_axi_periph/s00_couplers/auto_pc/inst/gen_axilite.gen_b2s_conv.axilite_b2s/SI_REG/r.r_pipe/m_payload_i_reg[35]/C
                         clock pessimism              0.115    22.874    
                         clock uncertainty           -0.302    22.572    
    SLICE_X21Y49         FDRE (Setup_fdre_C_CE)      -0.205    22.367    design_pynq_i/ps7_0_axi_periph/s00_couplers/auto_pc/inst/gen_axilite.gen_b2s_conv.axilite_b2s/SI_REG/r.r_pipe/m_payload_i_reg[35]
  -------------------------------------------------------------------
                         required time                         22.367    
                         arrival time                         -10.566    
  -------------------------------------------------------------------
                         slack                                 11.801    





Min Delay Paths
--------------------------------------------------------------------------------------
Slack (MET) :             0.023ns  (arrival time - required time)
  Source:                 design_pynq_i/CHOICE_PUF_gen_0/U0/GEN_PUF[11].PUF/FDCPE_inst/C
                            (rising edge-triggered cell FDPE clocked by clk_fpga_0  {rise@0.000ns fall@10.000ns period=20.000ns})
  Destination:            design_pynq_i/write_adapter_0/U0/write_adapter_S00_AXI_inst/reg_data0_reg[11]/D
                            (rising edge-triggered cell FDRE clocked by clk_fpga_0  {rise@0.000ns fall@10.000ns period=20.000ns})
  Path Group:             clk_fpga_0
  Path Type:              Hold (Min at Fast Process Corner)
  Requirement:            0.000ns  (clk_fpga_0 rise@0.000ns - clk_fpga_0 rise@0.000ns)
  Data Path Delay:        0.357ns  (logic 0.141ns (39.471%)  route 0.216ns (60.529%))
  Logic Levels:           0  
  Clock Path Skew:        0.259ns (DCD - SCD - CPR)
    Destination Clock Delay (DCD):    1.186ns
    Source Clock Delay      (SCD):    0.892ns
    Clock Pessimism Removal (CPR):    0.035ns

    Location             Delay type                Incr(ns)  Path(ns)    PBlock               Netlist Resource(s)
  -------------------------------------------------------------------    ----------------------------------------
                         (clock clk_fpga_0 rise edge)
                                                      0.000     0.000 r                       
    PS7_X0Y0             PS7                          0.000     0.000 r                       design_pynq_i/processing_system7_0/inst/PS7_i/FCLKCLK[0]
                         net (fo=1, routed)           0.310     0.310                         design_pynq_i/processing_system7_0/inst/FCLK_CLK_unbuffered[0]
    BUFGCTRL_X0Y16       BUFG (Prop_bufg_I_O)         0.026     0.336 r                       design_pynq_i/processing_system7_0/inst/buffer_fclk_clk_0.FCLK_CLK_0_BUFG/O
                         net (fo=4034, routed)        0.556     0.892                         design_pynq_i/CHOICE_PUF_gen_0/U0/GEN_PUF[11].PUF/clk
    SLICE_X45Y95         FDPE                                         r  PUF_Block_Zone       design_pynq_i/CHOICE_PUF_gen_0/U0/GEN_PUF[11].PUF/FDCPE_inst/C
  -------------------------------------------------------------------    ----------------------------------------
    SLICE_X45Y95         FDPE (Prop_fdpe_C_Q)         0.141     1.033 r  PUF_Block_Zone       design_pynq_i/CHOICE_PUF_gen_0/U0/GEN_PUF[11].PUF/FDCPE_inst/Q
                         net (fo=1, routed)           0.216     1.249                         design_pynq_i/write_adapter_0/U0/write_adapter_S00_AXI_inst/data_in[11]
    SLICE_X50Y94         FDRE                                         r                       design_pynq_i/write_adapter_0/U0/write_adapter_S00_AXI_inst/reg_data0_reg[11]/D
  -------------------------------------------------------------------    ----------------------------------------

                         (clock clk_fpga_0 rise edge)
                                                      0.000     0.000 r                       
    PS7_X0Y0             PS7                          0.000     0.000 r                       design_pynq_i/processing_system7_0/inst/PS7_i/FCLKCLK[0]
                         net (fo=1, routed)           0.337     0.337                         design_pynq_i/processing_system7_0/inst/FCLK_CLK_unbuffered[0]
    BUFGCTRL_X0Y16       BUFG (Prop_bufg_I_O)         0.029     0.366 r                       design_pynq_i/processing_system7_0/inst/buffer_fclk_clk_0.FCLK_CLK_0_BUFG/O
                         net (fo=4034, routed)        0.820     1.186                         design_pynq_i/write_adapter_0/U0/write_adapter_S00_AXI_inst/s00_axi_aclk
    SLICE_X50Y94         FDRE                                         r                       design_pynq_i/write_adapter_0/U0/write_adapter_S00_AXI_inst/reg_data0_reg[11]/C
                         clock pessimism             -0.035     1.151                           
    SLICE_X50Y94         FDRE (Hold_fdre_C_D)         0.075     1.226                           design_pynq_i/write_adapter_0/U0/write_adapter_S00_AXI_inst/reg_data0_reg[11]
  -------------------------------------------------------------------
                         required time                         -1.226                           
                         arrival time                           1.249                           
  -------------------------------------------------------------------
                         slack                                  0.023                           

Slack (MET) :             0.025ns  (arrival time - required time)
  Source:                 design_pynq_i/CHOICE_PUF_gen_0/U0/GEN_PUF[50].PUF/FDCPE_inst/C
                            (rising edge-triggered cell FDPE clocked by clk_fpga_0  {rise@0.000ns fall@10.000ns period=20.000ns})
  Destination:            design_pynq_i/write_adapter_0/U0/write_adapter_S00_AXI_inst/reg_data1_reg[18]/D
                            (rising edge-triggered cell FDRE clocked by clk_fpga_0  {rise@0.000ns fall@10.000ns period=20.000ns})
  Path Group:             clk_fpga_0
  Path Type:              Hold (Min at Fast Process Corner)
  Requirement:            0.000ns  (clk_fpga_0 rise@0.000ns - clk_fpga_0 rise@0.000ns)
  Data Path Delay:        0.359ns  (logic 0.141ns (39.252%)  route 0.218ns (60.748%))
  Logic Levels:           0  
  Clock Path Skew:        0.258ns (DCD - SCD - CPR)
    Destination Clock Delay (DCD):    1.181ns
    Source Clock Delay      (SCD):    0.888ns
    Clock Pessimism Removal (CPR):    0.035ns

    Location             Delay type                Incr(ns)  Path(ns)    PBlock               Netlist Resource(s)
  -------------------------------------------------------------------    ----------------------------------------
                         (clock clk_fpga_0 rise edge)
                                                      0.000     0.000 r                       
    PS7_X0Y0             PS7                          0.000     0.000 r                       design_pynq_i/processing_system7_0/inst/PS7_i/FCLKCLK[0]
                         net (fo=1, routed)           0.310     0.310                         design_pynq_i/processing_system7_0/inst/FCLK_CLK_unbuffered[0]
    BUFGCTRL_X0Y16       BUFG (Prop_bufg_I_O)         0.026     0.336 r                       design_pynq_i/processing_system7_0/inst/buffer_fclk_clk_0.FCLK_CLK_0_BUFG/O
                         net (fo=4034, routed)        0.552     0.888                         design_pynq_i/CHOICE_PUF_gen_0/U0/GEN_PUF[50].PUF/clk
    SLICE_X45Y85         FDPE                                         r  PUF_Block_Zone       design_pynq_i/CHOICE_PUF_gen_0/U0/GEN_PUF[50].PUF/FDCPE_inst/C
  -------------------------------------------------------------------    ----------------------------------------
    SLICE_X45Y85         FDPE (Prop_fdpe_C_Q)         0.141     1.029 r  PUF_Block_Zone       design_pynq_i/CHOICE_PUF_gen_0/U0/GEN_PUF[50].PUF/FDCPE_inst/Q
                         net (fo=1, routed)           0.218     1.247                         design_pynq_i/write_adapter_0/U0/write_adapter_S00_AXI_inst/data_in[50]
    SLICE_X50Y85         FDRE                                         r                       design_pynq_i/write_adapter_0/U0/write_adapter_S00_AXI_inst/reg_data1_reg[18]/D
  -------------------------------------------------------------------    ----------------------------------------

                         (clock clk_fpga_0 rise edge)
                                                      0.000     0.000 r                       
    PS7_X0Y0             PS7                          0.000     0.000 r                       design_pynq_i/processing_system7_0/inst/PS7_i/FCLKCLK[0]
                         net (fo=1, routed)           0.337     0.337                         design_pynq_i/processing_system7_0/inst/FCLK_CLK_unbuffered[0]
    BUFGCTRL_X0Y16       BUFG (Prop_bufg_I_O)         0.029     0.366 r                       design_pynq_i/processing_system7_0/inst/buffer_fclk_clk_0.FCLK_CLK_0_BUFG/O
                         net (fo=4034, routed)        0.815     1.181                         design_pynq_i/write_adapter_0/U0/write_adapter_S00_AXI_inst/s00_axi_aclk
    SLICE_X50Y85         FDRE                                         r                       design_pynq_i/write_adapter_0/U0/write_adapter_S00_AXI_inst/reg_data1_reg[18]/C
                         clock pessimism             -0.035     1.146                           
    SLICE_X50Y85         FDRE (Hold_fdre_C_D)         0.076     1.222                           design_pynq_i/write_adapter_0/U0/write_adapter_S00_AXI_inst/reg_data1_reg[18]
  -------------------------------------------------------------------
                         required time                         -1.222                           
                         arrival time                           1.247                           
  -------------------------------------------------------------------
                         slack                                  0.025                           

Slack (MET) :             0.026ns  (arrival time - required time)
  Source:                 design_pynq_i/CHOICE_PUF_gen_0/U0/GEN_PUF[3].PUF/FDCPE_inst/C
                            (rising edge-triggered cell FDPE clocked by clk_fpga_0  {rise@0.000ns fall@10.000ns period=20.000ns})
  Destination:            design_pynq_i/write_adapter_0/U0/write_adapter_S00_AXI_inst/reg_data0_reg[3]/D
                            (rising edge-triggered cell FDRE clocked by clk_fpga_0  {rise@0.000ns fall@10.000ns period=20.000ns})
  Path Group:             clk_fpga_0
  Path Type:              Hold (Min at Fast Process Corner)
  Requirement:            0.000ns  (clk_fpga_0 rise@0.000ns - clk_fpga_0 rise@0.000ns)
  Data Path Delay:        0.358ns  (logic 0.141ns (39.331%)  route 0.217ns (60.669%))
  Logic Levels:           0  
  Clock Path Skew:        0.262ns (DCD - SCD - CPR)
    Destination Clock Delay (DCD):    1.179ns
    Source Clock Delay      (SCD):    0.882ns
    Clock Pessimism Removal (CPR):    0.035ns

    Location             Delay type                Incr(ns)  Path(ns)    PBlock               Netlist Resource(s)
  -------------------------------------------------------------------    ----------------------------------------
                         (clock clk_fpga_0 rise edge)
                                                      0.000     0.000 r                       
    PS7_X0Y0             PS7                          0.000     0.000 r                       design_pynq_i/processing_system7_0/inst/PS7_i/FCLKCLK[0]
                         net (fo=1, routed)           0.310     0.310                         design_pynq_i/processing_system7_0/inst/FCLK_CLK_unbuffered[0]
    BUFGCTRL_X0Y16       BUFG (Prop_bufg_I_O)         0.026     0.336 r                       design_pynq_i/processing_system7_0/inst/buffer_fclk_clk_0.FCLK_CLK_0_BUFG/O
                         net (fo=4034, routed)        0.546     0.882                         design_pynq_i/CHOICE_PUF_gen_0/U0/GEN_PUF[3].PUF/clk
    SLICE_X48Y79         FDPE                                         r  PUF_Block_Zone       design_pynq_i/CHOICE_PUF_gen_0/U0/GEN_PUF[3].PUF/FDCPE_inst/C
  -------------------------------------------------------------------    ----------------------------------------
    SLICE_X48Y79         FDPE (Prop_fdpe_C_Q)         0.141     1.023 r  PUF_Block_Zone       design_pynq_i/CHOICE_PUF_gen_0/U0/GEN_PUF[3].PUF/FDCPE_inst/Q
                         net (fo=1, routed)           0.217     1.240                         design_pynq_i/write_adapter_0/U0/write_adapter_S00_AXI_inst/data_in[3]
    SLICE_X51Y83         FDRE                                         r                       design_pynq_i/write_adapter_0/U0/write_adapter_S00_AXI_inst/reg_data0_reg[3]/D
  -------------------------------------------------------------------    ----------------------------------------

                         (clock clk_fpga_0 rise edge)
                                                      0.000     0.000 r                       
    PS7_X0Y0             PS7                          0.000     0.000 r                       design_pynq_i/processing_system7_0/inst/PS7_i/FCLKCLK[0]
                         net (fo=1, routed)           0.337     0.337                         design_pynq_i/processing_system7_0/inst/FCLK_CLK_unbuffered[0]
    BUFGCTRL_X0Y16       BUFG (Prop_bufg_I_O)         0.029     0.366 r                       design_pynq_i/processing_system7_0/inst/buffer_fclk_clk_0.FCLK_CLK_0_BUFG/O
                         net (fo=4034, routed)        0.813     1.179                         design_pynq_i/write_adapter_0/U0/write_adapter_S00_AXI_inst/s00_axi_aclk
    SLICE_X51Y83         FDRE                                         r                       design_pynq_i/write_adapter_0/U0/write_adapter_S00_AXI_inst/reg_data0_reg[3]/C
                         clock pessimism             -0.035     1.144                           
    SLICE_X51Y83         FDRE (Hold_fdre_C_D)         0.070     1.214                           design_pynq_i/write_adapter_0/U0/write_adapter_S00_AXI_inst/reg_data0_reg[3]
  -------------------------------------------------------------------
                         required time                         -1.214                           
                         arrival time                           1.240                           
  -------------------------------------------------------------------
                         slack                                  0.026                           

Slack (MET) :             0.032ns  (arrival time - required time)
  Source:                 design_pynq_i/ps7_0_axi_periph/xbar/inst/gen_sasd.crossbar_sasd_0/reg_slice_r/m_payload_i_reg[5]/C
                            (rising edge-triggered cell FDRE clocked by clk_fpga_0  {rise@0.000ns fall@10.000ns period=20.000ns})
  Destination:            design_pynq_i/ps7_0_axi_periph/s00_couplers/auto_pc/inst/gen_axilite.gen_b2s_conv.axilite_b2s/RD.r_channel_0/rd_data_fifo_0/memory_reg[31][2]_srl32/D
                            (rising edge-triggered cell SRLC32E clocked by clk_fpga_0  {rise@0.000ns fall@10.000ns period=20.000ns})
  Path Group:             clk_fpga_0
  Path Type:              Hold (Min at Fast Process Corner)
  Requirement:            0.000ns  (clk_fpga_0 rise@0.000ns - clk_fpga_0 rise@0.000ns)
  Data Path Delay:        0.449ns  (logic 0.148ns (32.984%)  route 0.301ns (67.016%))
  Logic Levels:           0  
  Clock Path Skew:        0.353ns (DCD - SCD - CPR)
    Destination Clock Delay (DCD):    1.277ns
    Source Clock Delay      (SCD):    0.889ns
    Clock Pessimism Removal (CPR):    0.035ns

    Location             Delay type                Incr(ns)  Path(ns)    Netlist Resource(s)
  -------------------------------------------------------------------    -------------------
                         (clock clk_fpga_0 rise edge)
                                                      0.000     0.000 r  
    PS7_X0Y0             PS7                          0.000     0.000 r  design_pynq_i/processing_system7_0/inst/PS7_i/FCLKCLK[0]
                         net (fo=1, routed)           0.310     0.310    design_pynq_i/processing_system7_0/inst/FCLK_CLK_unbuffered[0]
    BUFGCTRL_X0Y16       BUFG (Prop_bufg_I_O)         0.026     0.336 r  design_pynq_i/processing_system7_0/inst/buffer_fclk_clk_0.FCLK_CLK_0_BUFG/O
                         net (fo=4034, routed)        0.553     0.889    design_pynq_i/ps7_0_axi_periph/xbar/inst/gen_sasd.crossbar_sasd_0/reg_slice_r/aclk
    SLICE_X50Y97         FDRE                                         r  design_pynq_i/ps7_0_axi_periph/xbar/inst/gen_sasd.crossbar_sasd_0/reg_slice_r/m_payload_i_reg[5]/C
  -------------------------------------------------------------------    -------------------
    SLICE_X50Y97         FDRE (Prop_fdre_C_Q)         0.148     1.037 r  design_pynq_i/ps7_0_axi_periph/xbar/inst/gen_sasd.crossbar_sasd_0/reg_slice_r/m_payload_i_reg[5]/Q
                         net (fo=1, routed)           0.301     1.337    design_pynq_i/ps7_0_axi_periph/s00_couplers/auto_pc/inst/gen_axilite.gen_b2s_conv.axilite_b2s/RD.r_channel_0/rd_data_fifo_0/in[2]
    SLICE_X38Y100        SRLC32E                                      r  design_pynq_i/ps7_0_axi_periph/s00_couplers/auto_pc/inst/gen_axilite.gen_b2s_conv.axilite_b2s/RD.r_channel_0/rd_data_fifo_0/memory_reg[31][2]_srl32/D
  -------------------------------------------------------------------    -------------------

                         (clock clk_fpga_0 rise edge)
                                                      0.000     0.000 r  
    PS7_X0Y0             PS7                          0.000     0.000 r  design_pynq_i/processing_system7_0/inst/PS7_i/FCLKCLK[0]
                         net (fo=1, routed)           0.337     0.337    design_pynq_i/processing_system7_0/inst/FCLK_CLK_unbuffered[0]
    BUFGCTRL_X0Y16       BUFG (Prop_bufg_I_O)         0.029     0.366 r  design_pynq_i/processing_system7_0/inst/buffer_fclk_clk_0.FCLK_CLK_0_BUFG/O
                         net (fo=4034, routed)        0.911     1.277    design_pynq_i/ps7_0_axi_periph/s00_couplers/auto_pc/inst/gen_axilite.gen_b2s_conv.axilite_b2s/RD.r_channel_0/rd_data_fifo_0/aclk
    SLICE_X38Y100        SRLC32E                                      r  design_pynq_i/ps7_0_axi_periph/s00_couplers/auto_pc/inst/gen_axilite.gen_b2s_conv.axilite_b2s/RD.r_channel_0/rd_data_fifo_0/memory_reg[31][2]_srl32/CLK
                         clock pessimism             -0.035     1.242    
    SLICE_X38Y100        SRLC32E (Hold_srlc32e_CLK_D)
                                                      0.063     1.305    design_pynq_i/ps7_0_axi_periph/s00_couplers/auto_pc/inst/gen_axilite.gen_b2s_conv.axilite_b2s/RD.r_channel_0/rd_data_fifo_0/memory_reg[31][2]_srl32
  -------------------------------------------------------------------
                         required time                         -1.305    
                         arrival time                           1.337    
  -------------------------------------------------------------------
                         slack                                  0.032    

Slack (MET) :             0.034ns  (arrival time - required time)
  Source:                 design_pynq_i/CHOICE_PUF_gen_0/U0/GEN_PUF[81].PUF/FDCPE_inst/C
                            (rising edge-triggered cell FDPE clocked by clk_fpga_0  {rise@0.000ns fall@10.000ns period=20.000ns})
  Destination:            design_pynq_i/write_adapter_0/U0/write_adapter_S00_AXI_inst/reg_data2_reg[17]/D
                            (rising edge-triggered cell FDRE clocked by clk_fpga_0  {rise@0.000ns fall@10.000ns period=20.000ns})
  Path Group:             clk_fpga_0
  Path Type:              Hold (Min at Fast Process Corner)
  Requirement:            0.000ns  (clk_fpga_0 rise@0.000ns - clk_fpga_0 rise@0.000ns)
  Data Path Delay:        0.354ns  (logic 0.141ns (39.827%)  route 0.213ns (60.173%))
  Logic Levels:           0  
  Clock Path Skew:        0.260ns (DCD - SCD - CPR)
    Destination Clock Delay (DCD):    1.186ns
    Source Clock Delay      (SCD):    0.891ns
    Clock Pessimism Removal (CPR):    0.035ns

    Location             Delay type                Incr(ns)  Path(ns)    PBlock               Netlist Resource(s)
  -------------------------------------------------------------------    ----------------------------------------
                         (clock clk_fpga_0 rise edge)
                                                      0.000     0.000 r                       
    PS7_X0Y0             PS7                          0.000     0.000 r                       design_pynq_i/processing_system7_0/inst/PS7_i/FCLKCLK[0]
                         net (fo=1, routed)           0.310     0.310                         design_pynq_i/processing_system7_0/inst/FCLK_CLK_unbuffered[0]
    BUFGCTRL_X0Y16       BUFG (Prop_bufg_I_O)         0.026     0.336 r                       design_pynq_i/processing_system7_0/inst/buffer_fclk_clk_0.FCLK_CLK_0_BUFG/O
                         net (fo=4034, routed)        0.555     0.891                         design_pynq_i/CHOICE_PUF_gen_0/U0/GEN_PUF[81].PUF/clk
    SLICE_X49Y95         FDPE                                         r  PUF_Block_Zone       design_pynq_i/CHOICE_PUF_gen_0/U0/GEN_PUF[81].PUF/FDCPE_inst/C
  -------------------------------------------------------------------    ----------------------------------------
    SLICE_X49Y95         FDPE (Prop_fdpe_C_Q)         0.141     1.032 r  PUF_Block_Zone       design_pynq_i/CHOICE_PUF_gen_0/U0/GEN_PUF[81].PUF/FDCPE_inst/Q
                         net (fo=1, routed)           0.213     1.245                         design_pynq_i/write_adapter_0/U0/write_adapter_S00_AXI_inst/data_in[81]
    SLICE_X50Y93         FDRE                                         r                       design_pynq_i/write_adapter_0/U0/write_adapter_S00_AXI_inst/reg_data2_reg[17]/D
  -------------------------------------------------------------------    ----------------------------------------

                         (clock clk_fpga_0 rise edge)
                                                      0.000     0.000 r                       
    PS7_X0Y0             PS7                          0.000     0.000 r                       design_pynq_i/processing_system7_0/inst/PS7_i/FCLKCLK[0]
                         net (fo=1, routed)           0.337     0.337                         design_pynq_i/processing_system7_0/inst/FCLK_CLK_unbuffered[0]
    BUFGCTRL_X0Y16       BUFG (Prop_bufg_I_O)         0.029     0.366 r                       design_pynq_i/processing_system7_0/inst/buffer_fclk_clk_0.FCLK_CLK_0_BUFG/O
                         net (fo=4034, routed)        0.820     1.186                         design_pynq_i/write_adapter_0/U0/write_adapter_S00_AXI_inst/s00_axi_aclk
    SLICE_X50Y93         FDRE                                         r                       design_pynq_i/write_adapter_0/U0/write_adapter_S00_AXI_inst/reg_data2_reg[17]/C
                         clock pessimism             -0.035     1.151                           
    SLICE_X50Y93         FDRE (Hold_fdre_C_D)         0.060     1.211                           design_pynq_i/write_adapter_0/U0/write_adapter_S00_AXI_inst/reg_data2_reg[17]
  -------------------------------------------------------------------
                         required time                         -1.211                           
                         arrival time                           1.245                           
  -------------------------------------------------------------------
                         slack                                  0.034                           

Slack (MET) :             0.036ns  (arrival time - required time)
  Source:                 design_pynq_i/CHOICE_PUF_gen_0/U0/GEN_PUF[52].PUF/FDCPE_inst/C
                            (rising edge-triggered cell FDPE clocked by clk_fpga_0  {rise@0.000ns fall@10.000ns period=20.000ns})
  Destination:            design_pynq_i/write_adapter_0/U0/write_adapter_S00_AXI_inst/reg_data1_reg[20]/D
                            (rising edge-triggered cell FDRE clocked by clk_fpga_0  {rise@0.000ns fall@10.000ns period=20.000ns})
  Path Group:             clk_fpga_0
  Path Type:              Hold (Min at Fast Process Corner)
  Requirement:            0.000ns  (clk_fpga_0 rise@0.000ns - clk_fpga_0 rise@0.000ns)
  Data Path Delay:        0.370ns  (logic 0.141ns (38.159%)  route 0.229ns (61.841%))
  Logic Levels:           0  
  Clock Path Skew:        0.257ns (DCD - SCD - CPR)
    Destination Clock Delay (DCD):    1.174ns
    Source Clock Delay      (SCD):    0.882ns
    Clock Pessimism Removal (CPR):    0.035ns

    Location             Delay type                Incr(ns)  Path(ns)    PBlock               Netlist Resource(s)
  -------------------------------------------------------------------    ----------------------------------------
                         (clock clk_fpga_0 rise edge)
                                                      0.000     0.000 r                       
    PS7_X0Y0             PS7                          0.000     0.000 r                       design_pynq_i/processing_system7_0/inst/PS7_i/FCLKCLK[0]
                         net (fo=1, routed)           0.310     0.310                         design_pynq_i/processing_system7_0/inst/FCLK_CLK_unbuffered[0]
    BUFGCTRL_X0Y16       BUFG (Prop_bufg_I_O)         0.026     0.336 r                       design_pynq_i/processing_system7_0/inst/buffer_fclk_clk_0.FCLK_CLK_0_BUFG/O
                         net (fo=4034, routed)        0.546     0.882                         design_pynq_i/CHOICE_PUF_gen_0/U0/GEN_PUF[52].PUF/clk
    SLICE_X40Y77         FDPE                                         r  PUF_Block_Zone       design_pynq_i/CHOICE_PUF_gen_0/U0/GEN_PUF[52].PUF/FDCPE_inst/C
  -------------------------------------------------------------------    ----------------------------------------
    SLICE_X40Y77         FDPE (Prop_fdpe_C_Q)         0.141     1.023 r  PUF_Block_Zone       design_pynq_i/CHOICE_PUF_gen_0/U0/GEN_PUF[52].PUF/FDCPE_inst/Q
                         net (fo=1, routed)           0.229     1.251                         design_pynq_i/write_adapter_0/U0/write_adapter_S00_AXI_inst/data_in[52]
    SLICE_X50Y78         FDRE                                         r                       design_pynq_i/write_adapter_0/U0/write_adapter_S00_AXI_inst/reg_data1_reg[20]/D
  -------------------------------------------------------------------    ----------------------------------------

                         (clock clk_fpga_0 rise edge)
                                                      0.000     0.000 r                       
    PS7_X0Y0             PS7                          0.000     0.000 r                       design_pynq_i/processing_system7_0/inst/PS7_i/FCLKCLK[0]
                         net (fo=1, routed)           0.337     0.337                         design_pynq_i/processing_system7_0/inst/FCLK_CLK_unbuffered[0]
    BUFGCTRL_X0Y16       BUFG (Prop_bufg_I_O)         0.029     0.366 r                       design_pynq_i/processing_system7_0/inst/buffer_fclk_clk_0.FCLK_CLK_0_BUFG/O
                         net (fo=4034, routed)        0.808     1.174                         design_pynq_i/write_adapter_0/U0/write_adapter_S00_AXI_inst/s00_axi_aclk
    SLICE_X50Y78         FDRE                                         r                       design_pynq_i/write_adapter_0/U0/write_adapter_S00_AXI_inst/reg_data1_reg[20]/C
                         clock pessimism             -0.035     1.139                           
    SLICE_X50Y78         FDRE (Hold_fdre_C_D)         0.076     1.215                           design_pynq_i/write_adapter_0/U0/write_adapter_S00_AXI_inst/reg_data1_reg[20]
  -------------------------------------------------------------------
                         required time                         -1.215                           
                         arrival time                           1.251                           
  -------------------------------------------------------------------
                         slack                                  0.036                           

Slack (MET) :             0.040ns  (arrival time - required time)
  Source:                 design_pynq_i/CHOICE_PUF_gen_0/U0/GEN_PUF[90].PUF/FDCPE_inst/C
                            (rising edge-triggered cell FDPE clocked by clk_fpga_0  {rise@0.000ns fall@10.000ns period=20.000ns})
  Destination:            design_pynq_i/write_adapter_0/U0/write_adapter_S00_AXI_inst/reg_data2_reg[26]/D
                            (rising edge-triggered cell FDRE clocked by clk_fpga_0  {rise@0.000ns fall@10.000ns period=20.000ns})
  Path Group:             clk_fpga_0
  Path Type:              Hold (Min at Fast Process Corner)
  Requirement:            0.000ns  (clk_fpga_0 rise@0.000ns - clk_fpga_0 rise@0.000ns)
  Data Path Delay:        0.351ns  (logic 0.141ns (40.150%)  route 0.210ns (59.849%))
  Logic Levels:           0  
  Clock Path Skew:        0.259ns (DCD - SCD - CPR)
    Destination Clock Delay (DCD):    1.181ns
    Source Clock Delay      (SCD):    0.887ns
    Clock Pessimism Removal (CPR):    0.035ns

    Location             Delay type                Incr(ns)  Path(ns)    PBlock               Netlist Resource(s)
  -------------------------------------------------------------------    ----------------------------------------
                         (clock clk_fpga_0 rise edge)
                                                      0.000     0.000 r                       
    PS7_X0Y0             PS7                          0.000     0.000 r                       design_pynq_i/processing_system7_0/inst/PS7_i/FCLKCLK[0]
                         net (fo=1, routed)           0.310     0.310                         design_pynq_i/processing_system7_0/inst/FCLK_CLK_unbuffered[0]
    BUFGCTRL_X0Y16       BUFG (Prop_bufg_I_O)         0.026     0.336 r                       design_pynq_i/processing_system7_0/inst/buffer_fclk_clk_0.FCLK_CLK_0_BUFG/O
                         net (fo=4034, routed)        0.551     0.887                         design_pynq_i/CHOICE_PUF_gen_0/U0/GEN_PUF[90].PUF/clk
    SLICE_X48Y84         FDPE                                         r  PUF_Block_Zone       design_pynq_i/CHOICE_PUF_gen_0/U0/GEN_PUF[90].PUF/FDCPE_inst/C
  -------------------------------------------------------------------    ----------------------------------------
    SLICE_X48Y84         FDPE (Prop_fdpe_C_Q)         0.141     1.028 r  PUF_Block_Zone       design_pynq_i/CHOICE_PUF_gen_0/U0/GEN_PUF[90].PUF/FDCPE_inst/Q
                         net (fo=1, routed)           0.210     1.238                         design_pynq_i/write_adapter_0/U0/write_adapter_S00_AXI_inst/data_in[90]
    SLICE_X50Y86         FDRE                                         r                       design_pynq_i/write_adapter_0/U0/write_adapter_S00_AXI_inst/reg_data2_reg[26]/D
  -------------------------------------------------------------------    ----------------------------------------

                         (clock clk_fpga_0 rise edge)
                                                      0.000     0.000 r                       
    PS7_X0Y0             PS7                          0.000     0.000 r                       design_pynq_i/processing_system7_0/inst/PS7_i/FCLKCLK[0]
                         net (fo=1, routed)           0.337     0.337                         design_pynq_i/processing_system7_0/inst/FCLK_CLK_unbuffered[0]
    BUFGCTRL_X0Y16       BUFG (Prop_bufg_I_O)         0.029     0.366 r                       design_pynq_i/processing_system7_0/inst/buffer_fclk_clk_0.FCLK_CLK_0_BUFG/O
                         net (fo=4034, routed)        0.815     1.181                         design_pynq_i/write_adapter_0/U0/write_adapter_S00_AXI_inst/s00_axi_aclk
    SLICE_X50Y86         FDRE                                         r                       design_pynq_i/write_adapter_0/U0/write_adapter_S00_AXI_inst/reg_data2_reg[26]/C
                         clock pessimism             -0.035     1.146                           
    SLICE_X50Y86         FDRE (Hold_fdre_C_D)         0.052     1.198                           design_pynq_i/write_adapter_0/U0/write_adapter_S00_AXI_inst/reg_data2_reg[26]
  -------------------------------------------------------------------
                         required time                         -1.198                           
                         arrival time                           1.238                           
  -------------------------------------------------------------------
                         slack                                  0.040                           

Slack (MET) :             0.042ns  (arrival time - required time)
  Source:                 design_pynq_i/CHOICE_PUF_gen_0/U0/GEN_PUF[68].PUF/FDCPE_inst/C
                            (rising edge-triggered cell FDPE clocked by clk_fpga_0  {rise@0.000ns fall@10.000ns period=20.000ns})
  Destination:            design_pynq_i/write_adapter_0/U0/write_adapter_S00_AXI_inst/reg_data2_reg[4]/D
                            (rising edge-triggered cell FDRE clocked by clk_fpga_0  {rise@0.000ns fall@10.000ns period=20.000ns})
  Path Group:             clk_fpga_0
  Path Type:              Hold (Min at Fast Process Corner)
  Requirement:            0.000ns  (clk_fpga_0 rise@0.000ns - clk_fpga_0 rise@0.000ns)
  Data Path Delay:        0.377ns  (logic 0.141ns (37.417%)  route 0.236ns (62.583%))
  Logic Levels:           0  
  Clock Path Skew:        0.259ns (DCD - SCD - CPR)
    Destination Clock Delay (DCD):    1.185ns
    Source Clock Delay      (SCD):    0.891ns
    Clock Pessimism Removal (CPR):    0.035ns

    Location             Delay type                Incr(ns)  Path(ns)    PBlock               Netlist Resource(s)
  -------------------------------------------------------------------    ----------------------------------------
                         (clock clk_fpga_0 rise edge)
                                                      0.000     0.000 r                       
    PS7_X0Y0             PS7                          0.000     0.000 r                       design_pynq_i/processing_system7_0/inst/PS7_i/FCLKCLK[0]
                         net (fo=1, routed)           0.310     0.310                         design_pynq_i/processing_system7_0/inst/FCLK_CLK_unbuffered[0]
    BUFGCTRL_X0Y16       BUFG (Prop_bufg_I_O)         0.026     0.336 r                       design_pynq_i/processing_system7_0/inst/buffer_fclk_clk_0.FCLK_CLK_0_BUFG/O
                         net (fo=4034, routed)        0.555     0.891                         design_pynq_i/CHOICE_PUF_gen_0/U0/GEN_PUF[68].PUF/clk
    SLICE_X43Y91         FDPE                                         r  PUF_Block_Zone       design_pynq_i/CHOICE_PUF_gen_0/U0/GEN_PUF[68].PUF/FDCPE_inst/C
  -------------------------------------------------------------------    ----------------------------------------
    SLICE_X43Y91         FDPE (Prop_fdpe_C_Q)         0.141     1.032 r  PUF_Block_Zone       design_pynq_i/CHOICE_PUF_gen_0/U0/GEN_PUF[68].PUF/FDCPE_inst/Q
                         net (fo=1, routed)           0.236     1.267                         design_pynq_i/write_adapter_0/U0/write_adapter_S00_AXI_inst/data_in[68]
    SLICE_X51Y90         FDRE                                         r                       design_pynq_i/write_adapter_0/U0/write_adapter_S00_AXI_inst/reg_data2_reg[4]/D
  -------------------------------------------------------------------    ----------------------------------------

                         (clock clk_fpga_0 rise edge)
                                                      0.000     0.000 r                       
    PS7_X0Y0             PS7                          0.000     0.000 r                       design_pynq_i/processing_system7_0/inst/PS7_i/FCLKCLK[0]
                         net (fo=1, routed)           0.337     0.337                         design_pynq_i/processing_system7_0/inst/FCLK_CLK_unbuffered[0]
    BUFGCTRL_X0Y16       BUFG (Prop_bufg_I_O)         0.029     0.366 r                       design_pynq_i/processing_system7_0/inst/buffer_fclk_clk_0.FCLK_CLK_0_BUFG/O
                         net (fo=4034, routed)        0.819     1.185                         design_pynq_i/write_adapter_0/U0/write_adapter_S00_AXI_inst/s00_axi_aclk
    SLICE_X51Y90         FDRE                                         r                       design_pynq_i/write_adapter_0/U0/write_adapter_S00_AXI_inst/reg_data2_reg[4]/C
                         clock pessimism             -0.035     1.150                           
    SLICE_X51Y90         FDRE (Hold_fdre_C_D)         0.076     1.226                           design_pynq_i/write_adapter_0/U0/write_adapter_S00_AXI_inst/reg_data2_reg[4]
  -------------------------------------------------------------------
                         required time                         -1.226                           
                         arrival time                           1.267                           
  -------------------------------------------------------------------
                         slack                                  0.042                           

Slack (MET) :             0.042ns  (arrival time - required time)
  Source:                 design_pynq_i/CHOICE_PUF_gen_0/U0/GEN_PUF[113].PUF/FDCPE_inst/C
                            (rising edge-triggered cell FDPE clocked by clk_fpga_0  {rise@0.000ns fall@10.000ns period=20.000ns})
  Destination:            design_pynq_i/write_adapter_0/U0/write_adapter_S00_AXI_inst/reg_data3_reg[17]/D
                            (rising edge-triggered cell FDRE clocked by clk_fpga_0  {rise@0.000ns fall@10.000ns period=20.000ns})
  Path Group:             clk_fpga_0
  Path Type:              Hold (Min at Fast Process Corner)
  Requirement:            0.000ns  (clk_fpga_0 rise@0.000ns - clk_fpga_0 rise@0.000ns)
  Data Path Delay:        0.365ns  (logic 0.141ns (38.616%)  route 0.224ns (61.384%))
  Logic Levels:           0  
  Clock Path Skew:        0.259ns (DCD - SCD - CPR)
    Destination Clock Delay (DCD):    1.186ns
    Source Clock Delay      (SCD):    0.892ns
    Clock Pessimism Removal (CPR):    0.035ns

    Location             Delay type                Incr(ns)  Path(ns)    PBlock               Netlist Resource(s)
  -------------------------------------------------------------------    ----------------------------------------
                         (clock clk_fpga_0 rise edge)
                                                      0.000     0.000 r                       
    PS7_X0Y0             PS7                          0.000     0.000 r                       design_pynq_i/processing_system7_0/inst/PS7_i/FCLKCLK[0]
                         net (fo=1, routed)           0.310     0.310                         design_pynq_i/processing_system7_0/inst/FCLK_CLK_unbuffered[0]
    BUFGCTRL_X0Y16       BUFG (Prop_bufg_I_O)         0.026     0.336 r                       design_pynq_i/processing_system7_0/inst/buffer_fclk_clk_0.FCLK_CLK_0_BUFG/O
                         net (fo=4034, routed)        0.556     0.892                         design_pynq_i/CHOICE_PUF_gen_0/U0/GEN_PUF[113].PUF/clk
    SLICE_X44Y95         FDPE                                         r  PUF_Block_Zone       design_pynq_i/CHOICE_PUF_gen_0/U0/GEN_PUF[113].PUF/FDCPE_inst/C
  -------------------------------------------------------------------    ----------------------------------------
    SLICE_X44Y95         FDPE (Prop_fdpe_C_Q)         0.141     1.033 r  PUF_Block_Zone       design_pynq_i/CHOICE_PUF_gen_0/U0/GEN_PUF[113].PUF/FDCPE_inst/Q
                         net (fo=1, routed)           0.224     1.257                         design_pynq_i/write_adapter_0/U0/write_adapter_S00_AXI_inst/data_in[113]
    SLICE_X50Y94         FDRE                                         r                       design_pynq_i/write_adapter_0/U0/write_adapter_S00_AXI_inst/reg_data3_reg[17]/D
  -------------------------------------------------------------------    ----------------------------------------

                         (clock clk_fpga_0 rise edge)
                                                      0.000     0.000 r                       
    PS7_X0Y0             PS7                          0.000     0.000 r                       design_pynq_i/processing_system7_0/inst/PS7_i/FCLKCLK[0]
                         net (fo=1, routed)           0.337     0.337                         design_pynq_i/processing_system7_0/inst/FCLK_CLK_unbuffered[0]
    BUFGCTRL_X0Y16       BUFG (Prop_bufg_I_O)         0.029     0.366 r                       design_pynq_i/processing_system7_0/inst/buffer_fclk_clk_0.FCLK_CLK_0_BUFG/O
                         net (fo=4034, routed)        0.820     1.186                         design_pynq_i/write_adapter_0/U0/write_adapter_S00_AXI_inst/s00_axi_aclk
    SLICE_X50Y94         FDRE                                         r                       design_pynq_i/write_adapter_0/U0/write_adapter_S00_AXI_inst/reg_data3_reg[17]/C
                         clock pessimism             -0.035     1.151                           
    SLICE_X50Y94         FDRE (Hold_fdre_C_D)         0.064     1.215                           design_pynq_i/write_adapter_0/U0/write_adapter_S00_AXI_inst/reg_data3_reg[17]
  -------------------------------------------------------------------
                         required time                         -1.215                           
                         arrival time                           1.257                           
  -------------------------------------------------------------------
                         slack                                  0.042                           

Slack (MET) :             0.042ns  (arrival time - required time)
  Source:                 design_pynq_i/ps7_0_axi_periph/s00_couplers/auto_pc/inst/gen_axilite.gen_b2s_conv.axilite_b2s/WR.aw_channel_0/s_awid_r_reg[7]/C
                            (rising edge-triggered cell FDRE clocked by clk_fpga_0  {rise@0.000ns fall@10.000ns period=20.000ns})
  Destination:            design_pynq_i/ps7_0_axi_periph/s00_couplers/auto_pc/inst/gen_axilite.gen_b2s_conv.axilite_b2s/WR.b_channel_0/bid_fifo_0/memory_reg[3][15]_srl4/D
                            (rising edge-triggered cell SRL16E clocked by clk_fpga_0  {rise@0.000ns fall@10.000ns period=20.000ns})
  Path Group:             clk_fpga_0
  Path Type:              Hold (Min at Fast Process Corner)
  Requirement:            0.000ns  (clk_fpga_0 rise@0.000ns - clk_fpga_0 rise@0.000ns)
  Data Path Delay:        0.241ns  (logic 0.141ns (58.447%)  route 0.100ns (41.553%))
  Logic Levels:           0  
  Clock Path Skew:        0.016ns (DCD - SCD - CPR)
    Destination Clock Delay (DCD):    1.296ns
    Source Clock Delay      (SCD):    0.994ns
    Clock Pessimism Removal (CPR):    0.286ns

    Location             Delay type                Incr(ns)  Path(ns)    Netlist Resource(s)
  -------------------------------------------------------------------    -------------------
                         (clock clk_fpga_0 rise edge)
                                                      0.000     0.000 r  
    PS7_X0Y0             PS7                          0.000     0.000 r  design_pynq_i/processing_system7_0/inst/PS7_i/FCLKCLK[0]
                         net (fo=1, routed)           0.310     0.310    design_pynq_i/processing_system7_0/inst/FCLK_CLK_unbuffered[0]
    BUFGCTRL_X0Y16       BUFG (Prop_bufg_I_O)         0.026     0.336 r  design_pynq_i/processing_system7_0/inst/buffer_fclk_clk_0.FCLK_CLK_0_BUFG/O
                         net (fo=4034, routed)        0.658     0.994    design_pynq_i/ps7_0_axi_periph/s00_couplers/auto_pc/inst/gen_axilite.gen_b2s_conv.axilite_b2s/WR.aw_channel_0/aclk
    SLICE_X29Y105        FDRE                                         r  design_pynq_i/ps7_0_axi_periph/s00_couplers/auto_pc/inst/gen_axilite.gen_b2s_conv.axilite_b2s/WR.aw_channel_0/s_awid_r_reg[7]/C
  -------------------------------------------------------------------    -------------------
    SLICE_X29Y105        FDRE (Prop_fdre_C_Q)         0.141     1.135 r  design_pynq_i/ps7_0_axi_periph/s00_couplers/auto_pc/inst/gen_axilite.gen_b2s_conv.axilite_b2s/WR.aw_channel_0/s_awid_r_reg[7]/Q
                         net (fo=1, routed)           0.100     1.235    design_pynq_i/ps7_0_axi_periph/s00_couplers/auto_pc/inst/gen_axilite.gen_b2s_conv.axilite_b2s/WR.b_channel_0/bid_fifo_0/in[11]
    SLICE_X30Y104        SRL16E                                       r  design_pynq_i/ps7_0_axi_periph/s00_couplers/auto_pc/inst/gen_axilite.gen_b2s_conv.axilite_b2s/WR.b_channel_0/bid_fifo_0/memory_reg[3][15]_srl4/D
  -------------------------------------------------------------------    -------------------

                         (clock clk_fpga_0 rise edge)
                                                      0.000     0.000 r  
    PS7_X0Y0             PS7                          0.000     0.000 r  design_pynq_i/processing_system7_0/inst/PS7_i/FCLKCLK[0]
                         net (fo=1, routed)           0.337     0.337    design_pynq_i/processing_system7_0/inst/FCLK_CLK_unbuffered[0]
    BUFGCTRL_X0Y16       BUFG (Prop_bufg_I_O)         0.029     0.366 r  design_pynq_i/processing_system7_0/inst/buffer_fclk_clk_0.FCLK_CLK_0_BUFG/O
                         net (fo=4034, routed)        0.930     1.296    design_pynq_i/ps7_0_axi_periph/s00_couplers/auto_pc/inst/gen_axilite.gen_b2s_conv.axilite_b2s/WR.b_channel_0/bid_fifo_0/aclk
    SLICE_X30Y104        SRL16E                                       r  design_pynq_i/ps7_0_axi_periph/s00_couplers/auto_pc/inst/gen_axilite.gen_b2s_conv.axilite_b2s/WR.b_channel_0/bid_fifo_0/memory_reg[3][15]_srl4/CLK
                         clock pessimism             -0.286     1.010    
    SLICE_X30Y104        SRL16E (Hold_srl16e_CLK_D)
                                                      0.183     1.193    design_pynq_i/ps7_0_axi_periph/s00_couplers/auto_pc/inst/gen_axilite.gen_b2s_conv.axilite_b2s/WR.b_channel_0/bid_fifo_0/memory_reg[3][15]_srl4
  -------------------------------------------------------------------
                         required time                         -1.193    
                         arrival time                           1.235    
  -------------------------------------------------------------------
                         slack                                  0.042    





Pulse Width Checks
--------------------------------------------------------------------------------------
Clock Name:         clk_fpga_0
Waveform(ns):       { 0.000 10.000 }
Period(ns):         20.000
Sources:            { design_pynq_i/processing_system7_0/inst/PS7_i/FCLKCLK[0] }

Check Type        Corner  Lib Pin             Reference Pin  Required(ns)  Actual(ns)  Slack(ns)  Location        Pin
Min Period        n/a     XADC/DCLK           n/a            4.000         20.000      16.000     XADC_X0Y0       design_pynq_i/xadc_wiz_0/U0/AXI_XADC_CORE_I/XADC_INST/DCLK
Min Period        n/a     RAMB36E1/CLKARDCLK  n/a            2.576         20.000      17.424     RAMB36_X3Y17    design_pynq_i/axi_dma_0/U0/I_PRMRY_DATAMOVER/GEN_MM2S_FULL.I_MM2S_FULL_WRAPPER/GEN_INCLUDE_MM2S_SF.I_RD_SF/I_DATA_FIFO/BLK_MEM.I_SYNC_FIFOGEN_FIFO/xpm_fifo_instance.xpm_fifo_sync_inst/xpm_fifo_base_inst/gen_sdpram.xpm_memory_base_inst/gen_wr_a.gen_word_narrow.mem_reg_0/CLKARDCLK
Min Period        n/a     RAMB36E1/CLKBWRCLK  n/a            2.576         20.000      17.424     RAMB36_X3Y17    design_pynq_i/axi_dma_0/U0/I_PRMRY_DATAMOVER/GEN_MM2S_FULL.I_MM2S_FULL_WRAPPER/GEN_INCLUDE_MM2S_SF.I_RD_SF/I_DATA_FIFO/BLK_MEM.I_SYNC_FIFOGEN_FIFO/xpm_fifo_instance.xpm_fifo_sync_inst/xpm_fifo_base_inst/gen_sdpram.xpm_memory_base_inst/gen_wr_a.gen_word_narrow.mem_reg_0/CLKBWRCLK
Min Period        n/a     RAMB18E1/CLKARDCLK  n/a            2.576         20.000      17.424     RAMB18_X3Y32    design_pynq_i/axi_dma_0/U0/I_PRMRY_DATAMOVER/GEN_MM2S_FULL.I_MM2S_FULL_WRAPPER/GEN_INCLUDE_MM2S_SF.I_RD_SF/I_DATA_FIFO/BLK_MEM.I_SYNC_FIFOGEN_FIFO/xpm_fifo_instance.xpm_fifo_sync_inst/xpm_fifo_base_inst/gen_sdpram.xpm_memory_base_inst/gen_wr_a.gen_word_narrow.mem_reg_2/CLKARDCLK
Min Period        n/a     RAMB18E1/CLKBWRCLK  n/a            2.576         20.000      17.424     RAMB18_X3Y32    design_pynq_i/axi_dma_0/U0/I_PRMRY_DATAMOVER/GEN_MM2S_FULL.I_MM2S_FULL_WRAPPER/GEN_INCLUDE_MM2S_SF.I_RD_SF/I_DATA_FIFO/BLK_MEM.I_SYNC_FIFOGEN_FIFO/xpm_fifo_instance.xpm_fifo_sync_inst/xpm_fifo_base_inst/gen_sdpram.xpm_memory_base_inst/gen_wr_a.gen_word_narrow.mem_reg_2/CLKBWRCLK
Min Period        n/a     RAMB18E1/CLKARDCLK  n/a            2.576         20.000      17.424     RAMB18_X3Y40    design_pynq_i/axi_dma_0/U0/I_PRMRY_DATAMOVER/GEN_S2MM_FULL.I_S2MM_FULL_WRAPPER/GEN_ENABLE_INDET_BTT_SF.I_INDET_BTT/I_DATA_FIFO/BLK_MEM.I_SYNC_FIFOGEN_FIFO/xpm_fifo_instance.xpm_fifo_sync_inst/xpm_fifo_base_inst/gen_sdpram.xpm_memory_base_inst/gen_wr_a.gen_word_narrow.mem_reg_2/CLKARDCLK
Min Period        n/a     RAMB18E1/CLKBWRCLK  n/a            2.576         20.000      17.424     RAMB18_X3Y40    design_pynq_i/axi_dma_0/U0/I_PRMRY_DATAMOVER/GEN_S2MM_FULL.I_S2MM_FULL_WRAPPER/GEN_ENABLE_INDET_BTT_SF.I_INDET_BTT/I_DATA_FIFO/BLK_MEM.I_SYNC_FIFOGEN_FIFO/xpm_fifo_instance.xpm_fifo_sync_inst/xpm_fifo_base_inst/gen_sdpram.xpm_memory_base_inst/gen_wr_a.gen_word_narrow.mem_reg_2/CLKBWRCLK
Min Period        n/a     BUFG/I              n/a            2.155         20.000      17.845     BUFGCTRL_X0Y16  design_pynq_i/processing_system7_0/inst/buffer_fclk_clk_0.FCLK_CLK_0_BUFG/I
Min Period        n/a     FDPE/C              n/a            1.000         20.000      19.000     SLICE_X37Y93    design_pynq_i/CHOICE_PUF_gen_0/U0/GEN_PUF[0].PUF/FDCPE_inst/C
Min Period        n/a     FDPE/C              n/a            1.000         20.000      19.000     SLICE_X39Y91    design_pynq_i/CHOICE_PUF_gen_0/U0/GEN_PUF[100].PUF/FDCPE_inst/C
Low Pulse Width   Slow    RAMD32/CLK          n/a            1.250         10.000      8.750      SLICE_X62Y112   design_pynq_i/axi_dma_0/U0/I_PRMRY_DATAMOVER/GEN_S2MM_FULL.I_S2MM_FULL_WRAPPER/GEN_ENABLE_INDET_BTT_SF.I_INDET_BTT/I_XD_FIFO/NON_BLK_MEM.I_SYNC_FIFOGEN_FIFO/xpm_fifo_instance.xpm_fifo_sync_inst/xpm_fifo_base_inst/gen_sdpram.xpm_memory_base_inst/gen_wr_a.gen_word_narrow.mem_reg_0_15_0_5/RAMA/CLK
Low Pulse Width   Fast    RAMD32/CLK          n/a            1.250         10.000      8.750      SLICE_X62Y112   design_pynq_i/axi_dma_0/U0/I_PRMRY_DATAMOVER/GEN_S2MM_FULL.I_S2MM_FULL_WRAPPER/GEN_ENABLE_INDET_BTT_SF.I_INDET_BTT/I_XD_FIFO/NON_BLK_MEM.I_SYNC_FIFOGEN_FIFO/xpm_fifo_instance.xpm_fifo_sync_inst/xpm_fifo_base_inst/gen_sdpram.xpm_memory_base_inst/gen_wr_a.gen_word_narrow.mem_reg_0_15_0_5/RAMA/CLK
Low Pulse Width   Slow    RAMD32/CLK          n/a            1.250         10.000      8.750      SLICE_X62Y112   design_pynq_i/axi_dma_0/U0/I_PRMRY_DATAMOVER/GEN_S2MM_FULL.I_S2MM_FULL_WRAPPER/GEN_ENABLE_INDET_BTT_SF.I_INDET_BTT/I_XD_FIFO/NON_BLK_MEM.I_SYNC_FIFOGEN_FIFO/xpm_fifo_instance.xpm_fifo_sync_inst/xpm_fifo_base_inst/gen_sdpram.xpm_memory_base_inst/gen_wr_a.gen_word_narrow.mem_reg_0_15_0_5/RAMA_D1/CLK
Low Pulse Width   Fast    RAMD32/CLK          n/a            1.250         10.000      8.750      SLICE_X62Y112   design_pynq_i/axi_dma_0/U0/I_PRMRY_DATAMOVER/GEN_S2MM_FULL.I_S2MM_FULL_WRAPPER/GEN_ENABLE_INDET_BTT_SF.I_INDET_BTT/I_XD_FIFO/NON_BLK_MEM.I_SYNC_FIFOGEN_FIFO/xpm_fifo_instance.xpm_fifo_sync_inst/xpm_fifo_base_inst/gen_sdpram.xpm_memory_base_inst/gen_wr_a.gen_word_narrow.mem_reg_0_15_0_5/RAMA_D1/CLK
Low Pulse Width   Slow    RAMD32/CLK          n/a            1.250         10.000      8.750      SLICE_X62Y112   design_pynq_i/axi_dma_0/U0/I_PRMRY_DATAMOVER/GEN_S2MM_FULL.I_S2MM_FULL_WRAPPER/GEN_ENABLE_INDET_BTT_SF.I_INDET_BTT/I_XD_FIFO/NON_BLK_MEM.I_SYNC_FIFOGEN_FIFO/xpm_fifo_instance.xpm_fifo_sync_inst/xpm_fifo_base_inst/gen_sdpram.xpm_memory_base_inst/gen_wr_a.gen_word_narrow.mem_reg_0_15_0_5/RAMB/CLK
Low Pulse Width   Fast    RAMD32/CLK          n/a            1.250         10.000      8.750      SLICE_X62Y112   design_pynq_i/axi_dma_0/U0/I_PRMRY_DATAMOVER/GEN_S2MM_FULL.I_S2MM_FULL_WRAPPER/GEN_ENABLE_INDET_BTT_SF.I_INDET_BTT/I_XD_FIFO/NON_BLK_MEM.I_SYNC_FIFOGEN_FIFO/xpm_fifo_instance.xpm_fifo_sync_inst/xpm_fifo_base_inst/gen_sdpram.xpm_memory_base_inst/gen_wr_a.gen_word_narrow.mem_reg_0_15_0_5/RAMB/CLK
Low Pulse Width   Slow    RAMD32/CLK          n/a            1.250         10.000      8.750      SLICE_X62Y112   design_pynq_i/axi_dma_0/U0/I_PRMRY_DATAMOVER/GEN_S2MM_FULL.I_S2MM_FULL_WRAPPER/GEN_ENABLE_INDET_BTT_SF.I_INDET_BTT/I_XD_FIFO/NON_BLK_MEM.I_SYNC_FIFOGEN_FIFO/xpm_fifo_instance.xpm_fifo_sync_inst/xpm_fifo_base_inst/gen_sdpram.xpm_memory_base_inst/gen_wr_a.gen_word_narrow.mem_reg_0_15_0_5/RAMB_D1/CLK
Low Pulse Width   Fast    RAMD32/CLK          n/a            1.250         10.000      8.750      SLICE_X62Y112   design_pynq_i/axi_dma_0/U0/I_PRMRY_DATAMOVER/GEN_S2MM_FULL.I_S2MM_FULL_WRAPPER/GEN_ENABLE_INDET_BTT_SF.I_INDET_BTT/I_XD_FIFO/NON_BLK_MEM.I_SYNC_FIFOGEN_FIFO/xpm_fifo_instance.xpm_fifo_sync_inst/xpm_fifo_base_inst/gen_sdpram.xpm_memory_base_inst/gen_wr_a.gen_word_narrow.mem_reg_0_15_0_5/RAMB_D1/CLK
Low Pulse Width   Slow    RAMD32/CLK          n/a            1.250         10.000      8.750      SLICE_X62Y112   design_pynq_i/axi_dma_0/U0/I_PRMRY_DATAMOVER/GEN_S2MM_FULL.I_S2MM_FULL_WRAPPER/GEN_ENABLE_INDET_BTT_SF.I_INDET_BTT/I_XD_FIFO/NON_BLK_MEM.I_SYNC_FIFOGEN_FIFO/xpm_fifo_instance.xpm_fifo_sync_inst/xpm_fifo_base_inst/gen_sdpram.xpm_memory_base_inst/gen_wr_a.gen_word_narrow.mem_reg_0_15_0_5/RAMC/CLK
Low Pulse Width   Fast    RAMD32/CLK          n/a            1.250         10.000      8.750      SLICE_X62Y112   design_pynq_i/axi_dma_0/U0/I_PRMRY_DATAMOVER/GEN_S2MM_FULL.I_S2MM_FULL_WRAPPER/GEN_ENABLE_INDET_BTT_SF.I_INDET_BTT/I_XD_FIFO/NON_BLK_MEM.I_SYNC_FIFOGEN_FIFO/xpm_fifo_instance.xpm_fifo_sync_inst/xpm_fifo_base_inst/gen_sdpram.xpm_memory_base_inst/gen_wr_a.gen_word_narrow.mem_reg_0_15_0_5/RAMC/CLK
High Pulse Width  Slow    RAMD32/CLK          n/a            1.250         10.000      8.750      SLICE_X62Y112   design_pynq_i/axi_dma_0/U0/I_PRMRY_DATAMOVER/GEN_S2MM_FULL.I_S2MM_FULL_WRAPPER/GEN_ENABLE_INDET_BTT_SF.I_INDET_BTT/I_XD_FIFO/NON_BLK_MEM.I_SYNC_FIFOGEN_FIFO/xpm_fifo_instance.xpm_fifo_sync_inst/xpm_fifo_base_inst/gen_sdpram.xpm_memory_base_inst/gen_wr_a.gen_word_narrow.mem_reg_0_15_0_5/RAMA/CLK
High Pulse Width  Fast    RAMD32/CLK          n/a            1.250         10.000      8.750      SLICE_X62Y112   design_pynq_i/axi_dma_0/U0/I_PRMRY_DATAMOVER/GEN_S2MM_FULL.I_S2MM_FULL_WRAPPER/GEN_ENABLE_INDET_BTT_SF.I_INDET_BTT/I_XD_FIFO/NON_BLK_MEM.I_SYNC_FIFOGEN_FIFO/xpm_fifo_instance.xpm_fifo_sync_inst/xpm_fifo_base_inst/gen_sdpram.xpm_memory_base_inst/gen_wr_a.gen_word_narrow.mem_reg_0_15_0_5/RAMA/CLK
High Pulse Width  Slow    RAMD32/CLK          n/a            1.250         10.000      8.750      SLICE_X62Y112   design_pynq_i/axi_dma_0/U0/I_PRMRY_DATAMOVER/GEN_S2MM_FULL.I_S2MM_FULL_WRAPPER/GEN_ENABLE_INDET_BTT_SF.I_INDET_BTT/I_XD_FIFO/NON_BLK_MEM.I_SYNC_FIFOGEN_FIFO/xpm_fifo_instance.xpm_fifo_sync_inst/xpm_fifo_base_inst/gen_sdpram.xpm_memory_base_inst/gen_wr_a.gen_word_narrow.mem_reg_0_15_0_5/RAMA_D1/CLK
High Pulse Width  Fast    RAMD32/CLK          n/a            1.250         10.000      8.750      SLICE_X62Y112   design_pynq_i/axi_dma_0/U0/I_PRMRY_DATAMOVER/GEN_S2MM_FULL.I_S2MM_FULL_WRAPPER/GEN_ENABLE_INDET_BTT_SF.I_INDET_BTT/I_XD_FIFO/NON_BLK_MEM.I_SYNC_FIFOGEN_FIFO/xpm_fifo_instance.xpm_fifo_sync_inst/xpm_fifo_base_inst/gen_sdpram.xpm_memory_base_inst/gen_wr_a.gen_word_narrow.mem_reg_0_15_0_5/RAMA_D1/CLK
High Pulse Width  Slow    RAMD32/CLK          n/a            1.250         10.000      8.750      SLICE_X62Y112   design_pynq_i/axi_dma_0/U0/I_PRMRY_DATAMOVER/GEN_S2MM_FULL.I_S2MM_FULL_WRAPPER/GEN_ENABLE_INDET_BTT_SF.I_INDET_BTT/I_XD_FIFO/NON_BLK_MEM.I_SYNC_FIFOGEN_FIFO/xpm_fifo_instance.xpm_fifo_sync_inst/xpm_fifo_base_inst/gen_sdpram.xpm_memory_base_inst/gen_wr_a.gen_word_narrow.mem_reg_0_15_0_5/RAMB/CLK
High Pulse Width  Fast    RAMD32/CLK          n/a            1.250         10.000      8.750      SLICE_X62Y112   design_pynq_i/axi_dma_0/U0/I_PRMRY_DATAMOVER/GEN_S2MM_FULL.I_S2MM_FULL_WRAPPER/GEN_ENABLE_INDET_BTT_SF.I_INDET_BTT/I_XD_FIFO/NON_BLK_MEM.I_SYNC_FIFOGEN_FIFO/xpm_fifo_instance.xpm_fifo_sync_inst/xpm_fifo_base_inst/gen_sdpram.xpm_memory_base_inst/gen_wr_a.gen_word_narrow.mem_reg_0_15_0_5/RAMB/CLK
High Pulse Width  Slow    RAMD32/CLK          n/a            1.250         10.000      8.750      SLICE_X62Y112   design_pynq_i/axi_dma_0/U0/I_PRMRY_DATAMOVER/GEN_S2MM_FULL.I_S2MM_FULL_WRAPPER/GEN_ENABLE_INDET_BTT_SF.I_INDET_BTT/I_XD_FIFO/NON_BLK_MEM.I_SYNC_FIFOGEN_FIFO/xpm_fifo_instance.xpm_fifo_sync_inst/xpm_fifo_base_inst/gen_sdpram.xpm_memory_base_inst/gen_wr_a.gen_word_narrow.mem_reg_0_15_0_5/RAMB_D1/CLK
High Pulse Width  Fast    RAMD32/CLK          n/a            1.250         10.000      8.750      SLICE_X62Y112   design_pynq_i/axi_dma_0/U0/I_PRMRY_DATAMOVER/GEN_S2MM_FULL.I_S2MM_FULL_WRAPPER/GEN_ENABLE_INDET_BTT_SF.I_INDET_BTT/I_XD_FIFO/NON_BLK_MEM.I_SYNC_FIFOGEN_FIFO/xpm_fifo_instance.xpm_fifo_sync_inst/xpm_fifo_base_inst/gen_sdpram.xpm_memory_base_inst/gen_wr_a.gen_word_narrow.mem_reg_0_15_0_5/RAMB_D1/CLK
High Pulse Width  Slow    RAMD32/CLK          n/a            1.250         10.000      8.750      SLICE_X62Y112   design_pynq_i/axi_dma_0/U0/I_PRMRY_DATAMOVER/GEN_S2MM_FULL.I_S2MM_FULL_WRAPPER/GEN_ENABLE_INDET_BTT_SF.I_INDET_BTT/I_XD_FIFO/NON_BLK_MEM.I_SYNC_FIFOGEN_FIFO/xpm_fifo_instance.xpm_fifo_sync_inst/xpm_fifo_base_inst/gen_sdpram.xpm_memory_base_inst/gen_wr_a.gen_word_narrow.mem_reg_0_15_0_5/RAMC/CLK
High Pulse Width  Fast    RAMD32/CLK          n/a            1.250         10.000      8.750      SLICE_X62Y112   design_pynq_i/axi_dma_0/U0/I_PRMRY_DATAMOVER/GEN_S2MM_FULL.I_S2MM_FULL_WRAPPER/GEN_ENABLE_INDET_BTT_SF.I_INDET_BTT/I_XD_FIFO/NON_BLK_MEM.I_SYNC_FIFOGEN_FIFO/xpm_fifo_instance.xpm_fifo_sync_inst/xpm_fifo_base_inst/gen_sdpram.xpm_memory_base_inst/gen_wr_a.gen_word_narrow.mem_reg_0_15_0_5/RAMC/CLK



---------------------------------------------------------------------------------------------------
Path Group:  **async_default**
From Clock:  clk_fpga_0
  To Clock:  clk_fpga_0

Setup :            0  Failing Endpoints,  Worst Slack        9.359ns,  Total Violation        0.000ns
Hold  :            0  Failing Endpoints,  Worst Slack        0.664ns,  Total Violation        0.000ns
---------------------------------------------------------------------------------------------------


Max Delay Paths
--------------------------------------------------------------------------------------
Slack (MET) :             9.359ns  (required time - arrival time)
  Source:                 design_pynq_i/PUF_controller_0/U0/tune_ctrl_unit_i/ASR_tuning_reg[12]/C
                            (rising edge-triggered cell FDRE clocked by clk_fpga_0  {rise@0.000ns fall@10.000ns period=20.000ns})
  Destination:            design_pynq_i/CHOICE_PUF_gen_0/U0/GEN_PUF[56].PUF/FDCPE_inst/PRE
                            (recovery check against rising-edge clock clk_fpga_0  {rise@0.000ns fall@10.000ns period=20.000ns})
  Path Group:             **async_default**
  Path Type:              Recovery (Max at Slow Process Corner)
  Requirement:            20.000ns  (clk_fpga_0 rise@20.000ns - clk_fpga_0 rise@0.000ns)
  Data Path Delay:        9.917ns  (logic 0.960ns (9.681%)  route 8.957ns (90.319%))
  Logic Levels:           2  (CARRY4=1 SRLC32E=1)
  Clock Path Skew:        -0.157ns (DCD - SCD + CPR)
    Destination Clock Delay (DCD):    2.642ns = ( 22.642 - 20.000 ) 
    Source Clock Delay      (SCD):    2.928ns
    Clock Pessimism Removal (CPR):    0.129ns
  Clock Uncertainty:      0.302ns  ((TSJ^2 + TIJ^2)^1/2 + DJ) / 2 + PE
    Total System Jitter     (TSJ):    0.071ns
    Total Input Jitter      (TIJ):    0.600ns
    Discrete Jitter          (DJ):    0.000ns
    Phase Error              (PE):    0.000ns

    Location             Delay type                Incr(ns)  Path(ns)    PBlock               Netlist Resource(s)
  -------------------------------------------------------------------    ----------------------------------------
                         (clock clk_fpga_0 rise edge)
                                                      0.000     0.000 r                       
    PS7_X0Y0             PS7                          0.000     0.000 r                       design_pynq_i/processing_system7_0/inst/PS7_i/FCLKCLK[0]
                         net (fo=1, routed)           1.193     1.193                         design_pynq_i/processing_system7_0/inst/FCLK_CLK_unbuffered[0]
    BUFGCTRL_X0Y16       BUFG (Prop_bufg_I_O)         0.101     1.294 r                       design_pynq_i/processing_system7_0/inst/buffer_fclk_clk_0.FCLK_CLK_0_BUFG/O
                         net (fo=4034, routed)        1.634     2.928                         design_pynq_i/PUF_controller_0/U0/tune_ctrl_unit_i/clk
    SLICE_X52Y86         FDRE                                         r                       design_pynq_i/PUF_controller_0/U0/tune_ctrl_unit_i/ASR_tuning_reg[12]/C
  -------------------------------------------------------------------    ----------------------------------------
    SLICE_X52Y86         FDRE (Prop_fdre_C_Q)         0.456     3.384 r                       design_pynq_i/PUF_controller_0/U0/tune_ctrl_unit_i/ASR_tuning_reg[12]/Q
                         net (fo=128, routed)         7.757    11.141                         design_pynq_i/CHOICE_PUF_gen_0/U0/GEN_PUF[56].PUF/ASR_length_conf[12]
    SLICE_X38Y69         SRLC32E (Prop_srlc32e_A[2]_Q)
                                                      0.124    11.265 r  PUF_Block_Zone       design_pynq_i/CHOICE_PUF_gen_0/U0/GEN_PUF[56].PUF/SRLC32E_inst_2/Q
                         net (fo=1, routed)           0.000    11.265                         design_pynq_i/CHOICE_PUF_gen_0/U0/GEN_PUF[56].PUF/ASRQ2
    SLICE_X38Y69         CARRY4 (Prop_carry4_S[2]_CO[3])
                                                      0.380    11.645 f  PUF_Block_Zone       design_pynq_i/CHOICE_PUF_gen_0/U0/GEN_PUF[56].PUF/CARRY4_inst/CO[3]
                         net (fo=1, routed)           1.199    12.845                         design_pynq_i/CHOICE_PUF_gen_0/U0/GEN_PUF[56].PUF/carry_out
    SLICE_X49Y77         FDPE                                         f  PUF_Block_Zone       design_pynq_i/CHOICE_PUF_gen_0/U0/GEN_PUF[56].PUF/FDCPE_inst/PRE
  -------------------------------------------------------------------    ----------------------------------------

                         (clock clk_fpga_0 rise edge)
                                                     20.000    20.000 r                       
    PS7_X0Y0             PS7                          0.000    20.000 r                       design_pynq_i/processing_system7_0/inst/PS7_i/FCLKCLK[0]
                         net (fo=1, routed)           1.088    21.088                         design_pynq_i/processing_system7_0/inst/FCLK_CLK_unbuffered[0]
    BUFGCTRL_X0Y16       BUFG (Prop_bufg_I_O)         0.091    21.179 r                       design_pynq_i/processing_system7_0/inst/buffer_fclk_clk_0.FCLK_CLK_0_BUFG/O
                         net (fo=4034, routed)        1.463    22.642                         design_pynq_i/CHOICE_PUF_gen_0/U0/GEN_PUF[56].PUF/clk
    SLICE_X49Y77         FDPE                                         r  PUF_Block_Zone       design_pynq_i/CHOICE_PUF_gen_0/U0/GEN_PUF[56].PUF/FDCPE_inst/C
                         clock pessimism              0.129    22.771                           
                         clock uncertainty           -0.302    22.469                           
    SLICE_X49Y77         FDPE (Recov_fdpe_C_PRE)     -0.265    22.204    PUF_Block_Zone         design_pynq_i/CHOICE_PUF_gen_0/U0/GEN_PUF[56].PUF/FDCPE_inst
  -------------------------------------------------------------------
                         required time                         22.204                           
                         arrival time                         -12.845                           
  -------------------------------------------------------------------
                         slack                                  9.359                           

Slack (MET) :             9.596ns  (required time - arrival time)
  Source:                 design_pynq_i/PUF_controller_0/U0/tune_ctrl_unit_i/ASR_tuning_reg[12]/C
                            (rising edge-triggered cell FDRE clocked by clk_fpga_0  {rise@0.000ns fall@10.000ns period=20.000ns})
  Destination:            design_pynq_i/CHOICE_PUF_gen_0/U0/GEN_PUF[24].PUF/FDCPE_inst/PRE
                            (recovery check against rising-edge clock clk_fpga_0  {rise@0.000ns fall@10.000ns period=20.000ns})
  Path Group:             **async_default**
  Path Type:              Recovery (Max at Slow Process Corner)
  Requirement:            20.000ns  (clk_fpga_0 rise@20.000ns - clk_fpga_0 rise@0.000ns)
  Data Path Delay:        9.679ns  (logic 0.960ns (9.918%)  route 8.719ns (90.082%))
  Logic Levels:           2  (CARRY4=1 SRLC32E=1)
  Clock Path Skew:        -0.157ns (DCD - SCD + CPR)
    Destination Clock Delay (DCD):    2.642ns = ( 22.642 - 20.000 ) 
    Source Clock Delay      (SCD):    2.928ns
    Clock Pessimism Removal (CPR):    0.129ns
  Clock Uncertainty:      0.302ns  ((TSJ^2 + TIJ^2)^1/2 + DJ) / 2 + PE
    Total System Jitter     (TSJ):    0.071ns
    Total Input Jitter      (TIJ):    0.600ns
    Discrete Jitter          (DJ):    0.000ns
    Phase Error              (PE):    0.000ns

    Location             Delay type                Incr(ns)  Path(ns)    PBlock               Netlist Resource(s)
  -------------------------------------------------------------------    ----------------------------------------
                         (clock clk_fpga_0 rise edge)
                                                      0.000     0.000 r                       
    PS7_X0Y0             PS7                          0.000     0.000 r                       design_pynq_i/processing_system7_0/inst/PS7_i/FCLKCLK[0]
                         net (fo=1, routed)           1.193     1.193                         design_pynq_i/processing_system7_0/inst/FCLK_CLK_unbuffered[0]
    BUFGCTRL_X0Y16       BUFG (Prop_bufg_I_O)         0.101     1.294 r                       design_pynq_i/processing_system7_0/inst/buffer_fclk_clk_0.FCLK_CLK_0_BUFG/O
                         net (fo=4034, routed)        1.634     2.928                         design_pynq_i/PUF_controller_0/U0/tune_ctrl_unit_i/clk
    SLICE_X52Y86         FDRE                                         r                       design_pynq_i/PUF_controller_0/U0/tune_ctrl_unit_i/ASR_tuning_reg[12]/C
  -------------------------------------------------------------------    ----------------------------------------
    SLICE_X52Y86         FDRE (Prop_fdre_C_Q)         0.456     3.384 r                       design_pynq_i/PUF_controller_0/U0/tune_ctrl_unit_i/ASR_tuning_reg[12]/Q
                         net (fo=128, routed)         7.450    10.834                         design_pynq_i/CHOICE_PUF_gen_0/U0/GEN_PUF[24].PUF/ASR_length_conf[12]
    SLICE_X42Y69         SRLC32E (Prop_srlc32e_A[2]_Q)
                                                      0.124    10.958 r  PUF_Block_Zone       design_pynq_i/CHOICE_PUF_gen_0/U0/GEN_PUF[24].PUF/SRLC32E_inst_2/Q
                         net (fo=1, routed)           0.000    10.958                         design_pynq_i/CHOICE_PUF_gen_0/U0/GEN_PUF[24].PUF/ASRQ2
    SLICE_X42Y69         CARRY4 (Prop_carry4_S[2]_CO[3])
                                                      0.380    11.338 f  PUF_Block_Zone       design_pynq_i/CHOICE_PUF_gen_0/U0/GEN_PUF[24].PUF/CARRY4_inst/CO[3]
                         net (fo=1, routed)           1.269    12.607                         design_pynq_i/CHOICE_PUF_gen_0/U0/GEN_PUF[24].PUF/carry_out
    SLICE_X48Y77         FDPE                                         f  PUF_Block_Zone       design_pynq_i/CHOICE_PUF_gen_0/U0/GEN_PUF[24].PUF/FDCPE_inst/PRE
  -------------------------------------------------------------------    ----------------------------------------

                         (clock clk_fpga_0 rise edge)
                                                     20.000    20.000 r                       
    PS7_X0Y0             PS7                          0.000    20.000 r                       design_pynq_i/processing_system7_0/inst/PS7_i/FCLKCLK[0]
                         net (fo=1, routed)           1.088    21.088                         design_pynq_i/processing_system7_0/inst/FCLK_CLK_unbuffered[0]
    BUFGCTRL_X0Y16       BUFG (Prop_bufg_I_O)         0.091    21.179 r                       design_pynq_i/processing_system7_0/inst/buffer_fclk_clk_0.FCLK_CLK_0_BUFG/O
                         net (fo=4034, routed)        1.463    22.642                         design_pynq_i/CHOICE_PUF_gen_0/U0/GEN_PUF[24].PUF/clk
    SLICE_X48Y77         FDPE                                         r  PUF_Block_Zone       design_pynq_i/CHOICE_PUF_gen_0/U0/GEN_PUF[24].PUF/FDCPE_inst/C
                         clock pessimism              0.129    22.771                           
                         clock uncertainty           -0.302    22.469                           
    SLICE_X48Y77         FDPE (Recov_fdpe_C_PRE)     -0.265    22.204    PUF_Block_Zone         design_pynq_i/CHOICE_PUF_gen_0/U0/GEN_PUF[24].PUF/FDCPE_inst
  -------------------------------------------------------------------
                         required time                         22.204                           
                         arrival time                         -12.607                           
  -------------------------------------------------------------------
                         slack                                  9.596                           

Slack (MET) :             9.905ns  (required time - arrival time)
  Source:                 design_pynq_i/PUF_controller_0/U0/tune_ctrl_unit_i/ASR_tuning_reg[8]/C
                            (rising edge-triggered cell FDRE clocked by clk_fpga_0  {rise@0.000ns fall@10.000ns period=20.000ns})
  Destination:            design_pynq_i/CHOICE_PUF_gen_0/U0/GEN_PUF[5].PUF/FDCPE_inst/PRE
                            (recovery check against rising-edge clock clk_fpga_0  {rise@0.000ns fall@10.000ns period=20.000ns})
  Path Group:             **async_default**
  Path Type:              Recovery (Max at Slow Process Corner)
  Requirement:            20.000ns  (clk_fpga_0 rise@20.000ns - clk_fpga_0 rise@0.000ns)
  Data Path Delay:        9.385ns  (logic 1.249ns (13.308%)  route 8.136ns (86.692%))
  Logic Levels:           2  (CARRY4=1 SRLC32E=1)
  Clock Path Skew:        -0.143ns (DCD - SCD + CPR)
    Destination Clock Delay (DCD):    2.656ns = ( 22.656 - 20.000 ) 
    Source Clock Delay      (SCD):    2.928ns
    Clock Pessimism Removal (CPR):    0.129ns
  Clock Uncertainty:      0.302ns  ((TSJ^2 + TIJ^2)^1/2 + DJ) / 2 + PE
    Total System Jitter     (TSJ):    0.071ns
    Total Input Jitter      (TIJ):    0.600ns
    Discrete Jitter          (DJ):    0.000ns
    Phase Error              (PE):    0.000ns

    Location             Delay type                Incr(ns)  Path(ns)    PBlock               Netlist Resource(s)
  -------------------------------------------------------------------    ----------------------------------------
                         (clock clk_fpga_0 rise edge)
                                                      0.000     0.000 r                       
    PS7_X0Y0             PS7                          0.000     0.000 r                       design_pynq_i/processing_system7_0/inst/PS7_i/FCLKCLK[0]
                         net (fo=1, routed)           1.193     1.193                         design_pynq_i/processing_system7_0/inst/FCLK_CLK_unbuffered[0]
    BUFGCTRL_X0Y16       BUFG (Prop_bufg_I_O)         0.101     1.294 r                       design_pynq_i/processing_system7_0/inst/buffer_fclk_clk_0.FCLK_CLK_0_BUFG/O
                         net (fo=4034, routed)        1.634     2.928                         design_pynq_i/PUF_controller_0/U0/tune_ctrl_unit_i/clk
    SLICE_X53Y85         FDRE                                         r                       design_pynq_i/PUF_controller_0/U0/tune_ctrl_unit_i/ASR_tuning_reg[8]/C
  -------------------------------------------------------------------    ----------------------------------------
    SLICE_X53Y85         FDRE (Prop_fdre_C_Q)         0.419     3.347 r                       design_pynq_i/PUF_controller_0/U0/tune_ctrl_unit_i/ASR_tuning_reg[8]/Q
                         net (fo=128, routed)         7.174    10.521                         design_pynq_i/CHOICE_PUF_gen_0/U0/GEN_PUF[5].PUF/ASR_length_conf[8]
    SLICE_X46Y99         SRLC32E (Prop_srlc32e_A[3]_Q)
                                                      0.297    10.818 r  PUF_Block_Zone       design_pynq_i/CHOICE_PUF_gen_0/U0/GEN_PUF[5].PUF/SRLC32E_inst_1/Q
                         net (fo=1, routed)           0.000    10.818                         design_pynq_i/CHOICE_PUF_gen_0/U0/GEN_PUF[5].PUF/ASRQ1
    SLICE_X46Y99         CARRY4 (Prop_carry4_S[1]_CO[3])
                                                      0.533    11.351 f  PUF_Block_Zone       design_pynq_i/CHOICE_PUF_gen_0/U0/GEN_PUF[5].PUF/CARRY4_inst/CO[3]
                         net (fo=1, routed)           0.962    12.313                         design_pynq_i/CHOICE_PUF_gen_0/U0/GEN_PUF[5].PUF/carry_out
    SLICE_X48Y96         FDPE                                         f  PUF_Block_Zone       design_pynq_i/CHOICE_PUF_gen_0/U0/GEN_PUF[5].PUF/FDCPE_inst/PRE
  -------------------------------------------------------------------    ----------------------------------------

                         (clock clk_fpga_0 rise edge)
                                                     20.000    20.000 r                       
    PS7_X0Y0             PS7                          0.000    20.000 r                       design_pynq_i/processing_system7_0/inst/PS7_i/FCLKCLK[0]
                         net (fo=1, routed)           1.088    21.088                         design_pynq_i/processing_system7_0/inst/FCLK_CLK_unbuffered[0]
    BUFGCTRL_X0Y16       BUFG (Prop_bufg_I_O)         0.091    21.179 r                       design_pynq_i/processing_system7_0/inst/buffer_fclk_clk_0.FCLK_CLK_0_BUFG/O
                         net (fo=4034, routed)        1.477    22.656                         design_pynq_i/CHOICE_PUF_gen_0/U0/GEN_PUF[5].PUF/clk
    SLICE_X48Y96         FDPE                                         r  PUF_Block_Zone       design_pynq_i/CHOICE_PUF_gen_0/U0/GEN_PUF[5].PUF/FDCPE_inst/C
                         clock pessimism              0.129    22.785                           
                         clock uncertainty           -0.302    22.483                           
    SLICE_X48Y96         FDPE (Recov_fdpe_C_PRE)     -0.265    22.218    PUF_Block_Zone         design_pynq_i/CHOICE_PUF_gen_0/U0/GEN_PUF[5].PUF/FDCPE_inst
  -------------------------------------------------------------------
                         required time                         22.218                           
                         arrival time                         -12.313                           
  -------------------------------------------------------------------
                         slack                                  9.905                           

Slack (MET) :             9.939ns  (required time - arrival time)
  Source:                 design_pynq_i/PUF_controller_0/U0/tune_ctrl_unit_i/ASR_tuning_reg[8]/C
                            (rising edge-triggered cell FDRE clocked by clk_fpga_0  {rise@0.000ns fall@10.000ns period=20.000ns})
  Destination:            design_pynq_i/CHOICE_PUF_gen_0/U0/GEN_PUF[97].PUF/FDCPE_inst/PRE
                            (recovery check against rising-edge clock clk_fpga_0  {rise@0.000ns fall@10.000ns period=20.000ns})
  Path Group:             **async_default**
  Path Type:              Recovery (Max at Slow Process Corner)
  Requirement:            20.000ns  (clk_fpga_0 rise@20.000ns - clk_fpga_0 rise@0.000ns)
  Data Path Delay:        9.353ns  (logic 1.249ns (13.353%)  route 8.104ns (86.647%))
  Logic Levels:           2  (CARRY4=1 SRLC32E=1)
  Clock Path Skew:        -0.140ns (DCD - SCD + CPR)
    Destination Clock Delay (DCD):    2.659ns = ( 22.659 - 20.000 ) 
    Source Clock Delay      (SCD):    2.928ns
    Clock Pessimism Removal (CPR):    0.129ns
  Clock Uncertainty:      0.302ns  ((TSJ^2 + TIJ^2)^1/2 + DJ) / 2 + PE
    Total System Jitter     (TSJ):    0.071ns
    Total Input Jitter      (TIJ):    0.600ns
    Discrete Jitter          (DJ):    0.000ns
    Phase Error              (PE):    0.000ns

    Location             Delay type                Incr(ns)  Path(ns)    PBlock               Netlist Resource(s)
  -------------------------------------------------------------------    ----------------------------------------
                         (clock clk_fpga_0 rise edge)
                                                      0.000     0.000 r                       
    PS7_X0Y0             PS7                          0.000     0.000 r                       design_pynq_i/processing_system7_0/inst/PS7_i/FCLKCLK[0]
                         net (fo=1, routed)           1.193     1.193                         design_pynq_i/processing_system7_0/inst/FCLK_CLK_unbuffered[0]
    BUFGCTRL_X0Y16       BUFG (Prop_bufg_I_O)         0.101     1.294 r                       design_pynq_i/processing_system7_0/inst/buffer_fclk_clk_0.FCLK_CLK_0_BUFG/O
                         net (fo=4034, routed)        1.634     2.928                         design_pynq_i/PUF_controller_0/U0/tune_ctrl_unit_i/clk
    SLICE_X53Y85         FDRE                                         r                       design_pynq_i/PUF_controller_0/U0/tune_ctrl_unit_i/ASR_tuning_reg[8]/C
  -------------------------------------------------------------------    ----------------------------------------
    SLICE_X53Y85         FDRE (Prop_fdre_C_Q)         0.419     3.347 r                       design_pynq_i/PUF_controller_0/U0/tune_ctrl_unit_i/ASR_tuning_reg[8]/Q
                         net (fo=128, routed)         7.156    10.503                         design_pynq_i/CHOICE_PUF_gen_0/U0/GEN_PUF[97].PUF/ASR_length_conf[8]
    SLICE_X34Y95         SRLC32E (Prop_srlc32e_A[3]_Q)
                                                      0.297    10.800 r  PUF_Block_Zone       design_pynq_i/CHOICE_PUF_gen_0/U0/GEN_PUF[97].PUF/SRLC32E_inst_1/Q
                         net (fo=1, routed)           0.000    10.800                         design_pynq_i/CHOICE_PUF_gen_0/U0/GEN_PUF[97].PUF/ASRQ1
    SLICE_X34Y95         CARRY4 (Prop_carry4_S[1]_CO[3])
                                                      0.533    11.333 f  PUF_Block_Zone       design_pynq_i/CHOICE_PUF_gen_0/U0/GEN_PUF[97].PUF/CARRY4_inst/CO[3]
                         net (fo=1, routed)           0.948    12.281                         design_pynq_i/CHOICE_PUF_gen_0/U0/GEN_PUF[97].PUF/carry_out
    SLICE_X35Y95         FDPE                                         f  PUF_Block_Zone       design_pynq_i/CHOICE_PUF_gen_0/U0/GEN_PUF[97].PUF/FDCPE_inst/PRE
  -------------------------------------------------------------------    ----------------------------------------

                         (clock clk_fpga_0 rise edge)
                                                     20.000    20.000 r                       
    PS7_X0Y0             PS7                          0.000    20.000 r                       design_pynq_i/processing_system7_0/inst/PS7_i/FCLKCLK[0]
                         net (fo=1, routed)           1.088    21.088                         design_pynq_i/processing_system7_0/inst/FCLK_CLK_unbuffered[0]
    BUFGCTRL_X0Y16       BUFG (Prop_bufg_I_O)         0.091    21.179 r                       design_pynq_i/processing_system7_0/inst/buffer_fclk_clk_0.FCLK_CLK_0_BUFG/O
                         net (fo=4034, routed)        1.480    22.659                         design_pynq_i/CHOICE_PUF_gen_0/U0/GEN_PUF[97].PUF/clk
    SLICE_X35Y95         FDPE                                         r  PUF_Block_Zone       design_pynq_i/CHOICE_PUF_gen_0/U0/GEN_PUF[97].PUF/FDCPE_inst/C
                         clock pessimism              0.129    22.788                           
                         clock uncertainty           -0.302    22.486                           
    SLICE_X35Y95         FDPE (Recov_fdpe_C_PRE)     -0.265    22.221    PUF_Block_Zone         design_pynq_i/CHOICE_PUF_gen_0/U0/GEN_PUF[97].PUF/FDCPE_inst
  -------------------------------------------------------------------
                         required time                         22.221                           
                         arrival time                         -12.281                           
  -------------------------------------------------------------------
                         slack                                  9.939                           

Slack (MET) :             9.943ns  (required time - arrival time)
  Source:                 design_pynq_i/PUF_controller_0/U0/tune_ctrl_unit_i/ASR_tuning_reg[8]/C
                            (rising edge-triggered cell FDRE clocked by clk_fpga_0  {rise@0.000ns fall@10.000ns period=20.000ns})
  Destination:            design_pynq_i/CHOICE_PUF_gen_0/U0/GEN_PUF[75].PUF/FDCPE_inst/PRE
                            (recovery check against rising-edge clock clk_fpga_0  {rise@0.000ns fall@10.000ns period=20.000ns})
  Path Group:             **async_default**
  Path Type:              Recovery (Max at Slow Process Corner)
  Requirement:            20.000ns  (clk_fpga_0 rise@20.000ns - clk_fpga_0 rise@0.000ns)
  Data Path Delay:        9.349ns  (logic 1.249ns (13.360%)  route 8.100ns (86.640%))
  Logic Levels:           2  (CARRY4=1 SRLC32E=1)
  Clock Path Skew:        -0.141ns (DCD - SCD + CPR)
    Destination Clock Delay (DCD):    2.658ns = ( 22.658 - 20.000 ) 
    Source Clock Delay      (SCD):    2.928ns
    Clock Pessimism Removal (CPR):    0.129ns
  Clock Uncertainty:      0.302ns  ((TSJ^2 + TIJ^2)^1/2 + DJ) / 2 + PE
    Total System Jitter     (TSJ):    0.071ns
    Total Input Jitter      (TIJ):    0.600ns
    Discrete Jitter          (DJ):    0.000ns
    Phase Error              (PE):    0.000ns

    Location             Delay type                Incr(ns)  Path(ns)    PBlock               Netlist Resource(s)
  -------------------------------------------------------------------    ----------------------------------------
                         (clock clk_fpga_0 rise edge)
                                                      0.000     0.000 r                       
    PS7_X0Y0             PS7                          0.000     0.000 r                       design_pynq_i/processing_system7_0/inst/PS7_i/FCLKCLK[0]
                         net (fo=1, routed)           1.193     1.193                         design_pynq_i/processing_system7_0/inst/FCLK_CLK_unbuffered[0]
    BUFGCTRL_X0Y16       BUFG (Prop_bufg_I_O)         0.101     1.294 r                       design_pynq_i/processing_system7_0/inst/buffer_fclk_clk_0.FCLK_CLK_0_BUFG/O
                         net (fo=4034, routed)        1.634     2.928                         design_pynq_i/PUF_controller_0/U0/tune_ctrl_unit_i/clk
    SLICE_X53Y85         FDRE                                         r                       design_pynq_i/PUF_controller_0/U0/tune_ctrl_unit_i/ASR_tuning_reg[8]/C
  -------------------------------------------------------------------    ----------------------------------------
    SLICE_X53Y85         FDRE (Prop_fdre_C_Q)         0.419     3.347 r                       design_pynq_i/PUF_controller_0/U0/tune_ctrl_unit_i/ASR_tuning_reg[8]/Q
                         net (fo=128, routed)         7.156    10.503                         design_pynq_i/CHOICE_PUF_gen_0/U0/GEN_PUF[75].PUF/ASR_length_conf[8]
    SLICE_X34Y96         SRLC32E (Prop_srlc32e_A[3]_Q)
                                                      0.297    10.800 r  PUF_Block_Zone       design_pynq_i/CHOICE_PUF_gen_0/U0/GEN_PUF[75].PUF/SRLC32E_inst_1/Q
                         net (fo=1, routed)           0.000    10.800                         design_pynq_i/CHOICE_PUF_gen_0/U0/GEN_PUF[75].PUF/ASRQ1
    SLICE_X34Y96         CARRY4 (Prop_carry4_S[1]_CO[3])
                                                      0.533    11.333 f  PUF_Block_Zone       design_pynq_i/CHOICE_PUF_gen_0/U0/GEN_PUF[75].PUF/CARRY4_inst/CO[3]
                         net (fo=1, routed)           0.943    12.277                         design_pynq_i/CHOICE_PUF_gen_0/U0/GEN_PUF[75].PUF/carry_out
    SLICE_X37Y96         FDPE                                         f  PUF_Block_Zone       design_pynq_i/CHOICE_PUF_gen_0/U0/GEN_PUF[75].PUF/FDCPE_inst/PRE
  -------------------------------------------------------------------    ----------------------------------------

                         (clock clk_fpga_0 rise edge)
                                                     20.000    20.000 r                       
    PS7_X0Y0             PS7                          0.000    20.000 r                       design_pynq_i/processing_system7_0/inst/PS7_i/FCLKCLK[0]
                         net (fo=1, routed)           1.088    21.088                         design_pynq_i/processing_system7_0/inst/FCLK_CLK_unbuffered[0]
    BUFGCTRL_X0Y16       BUFG (Prop_bufg_I_O)         0.091    21.179 r                       design_pynq_i/processing_system7_0/inst/buffer_fclk_clk_0.FCLK_CLK_0_BUFG/O
                         net (fo=4034, routed)        1.479    22.658                         design_pynq_i/CHOICE_PUF_gen_0/U0/GEN_PUF[75].PUF/clk
    SLICE_X37Y96         FDPE                                         r  PUF_Block_Zone       design_pynq_i/CHOICE_PUF_gen_0/U0/GEN_PUF[75].PUF/FDCPE_inst/C
                         clock pessimism              0.129    22.787                           
                         clock uncertainty           -0.302    22.485                           
    SLICE_X37Y96         FDPE (Recov_fdpe_C_PRE)     -0.265    22.220    PUF_Block_Zone         design_pynq_i/CHOICE_PUF_gen_0/U0/GEN_PUF[75].PUF/FDCPE_inst
  -------------------------------------------------------------------
                         required time                         22.220                           
                         arrival time                         -12.277                           
  -------------------------------------------------------------------
                         slack                                  9.943                           

Slack (MET) :             9.966ns  (required time - arrival time)
  Source:                 design_pynq_i/PUF_controller_0/U0/tune_ctrl_unit_i/ASR_tuning_reg[8]/C
                            (rising edge-triggered cell FDRE clocked by clk_fpga_0  {rise@0.000ns fall@10.000ns period=20.000ns})
  Destination:            design_pynq_i/CHOICE_PUF_gen_0/U0/GEN_PUF[89].PUF/FDCPE_inst/PRE
                            (recovery check against rising-edge clock clk_fpga_0  {rise@0.000ns fall@10.000ns period=20.000ns})
  Path Group:             **async_default**
  Path Type:              Recovery (Max at Slow Process Corner)
  Requirement:            20.000ns  (clk_fpga_0 rise@20.000ns - clk_fpga_0 rise@0.000ns)
  Data Path Delay:        9.322ns  (logic 1.249ns (13.398%)  route 8.073ns (86.602%))
  Logic Levels:           2  (CARRY4=1 SRLC32E=1)
  Clock Path Skew:        -0.146ns (DCD - SCD + CPR)
    Destination Clock Delay (DCD):    2.653ns = ( 22.653 - 20.000 ) 
    Source Clock Delay      (SCD):    2.928ns
    Clock Pessimism Removal (CPR):    0.129ns
  Clock Uncertainty:      0.302ns  ((TSJ^2 + TIJ^2)^1/2 + DJ) / 2 + PE
    Total System Jitter     (TSJ):    0.071ns
    Total Input Jitter      (TIJ):    0.600ns
    Discrete Jitter          (DJ):    0.000ns
    Phase Error              (PE):    0.000ns

    Location             Delay type                Incr(ns)  Path(ns)    PBlock               Netlist Resource(s)
  -------------------------------------------------------------------    ----------------------------------------
                         (clock clk_fpga_0 rise edge)
                                                      0.000     0.000 r                       
    PS7_X0Y0             PS7                          0.000     0.000 r                       design_pynq_i/processing_system7_0/inst/PS7_i/FCLKCLK[0]
                         net (fo=1, routed)           1.193     1.193                         design_pynq_i/processing_system7_0/inst/FCLK_CLK_unbuffered[0]
    BUFGCTRL_X0Y16       BUFG (Prop_bufg_I_O)         0.101     1.294 r                       design_pynq_i/processing_system7_0/inst/buffer_fclk_clk_0.FCLK_CLK_0_BUFG/O
                         net (fo=4034, routed)        1.634     2.928                         design_pynq_i/PUF_controller_0/U0/tune_ctrl_unit_i/clk
    SLICE_X53Y85         FDRE                                         r                       design_pynq_i/PUF_controller_0/U0/tune_ctrl_unit_i/ASR_tuning_reg[8]/C
  -------------------------------------------------------------------    ----------------------------------------
    SLICE_X53Y85         FDRE (Prop_fdre_C_Q)         0.419     3.347 r                       design_pynq_i/PUF_controller_0/U0/tune_ctrl_unit_i/ASR_tuning_reg[8]/Q
                         net (fo=128, routed)         7.082    10.429                         design_pynq_i/CHOICE_PUF_gen_0/U0/GEN_PUF[89].PUF/ASR_length_conf[8]
    SLICE_X34Y84         SRLC32E (Prop_srlc32e_A[3]_Q)
                                                      0.297    10.726 r  PUF_Block_Zone       design_pynq_i/CHOICE_PUF_gen_0/U0/GEN_PUF[89].PUF/SRLC32E_inst_1/Q
                         net (fo=1, routed)           0.000    10.726                         design_pynq_i/CHOICE_PUF_gen_0/U0/GEN_PUF[89].PUF/ASRQ1
    SLICE_X34Y84         CARRY4 (Prop_carry4_S[1]_CO[3])
                                                      0.533    11.259 f  PUF_Block_Zone       design_pynq_i/CHOICE_PUF_gen_0/U0/GEN_PUF[89].PUF/CARRY4_inst/CO[3]
                         net (fo=1, routed)           0.991    12.250                         design_pynq_i/CHOICE_PUF_gen_0/U0/GEN_PUF[89].PUF/carry_out
    SLICE_X36Y85         FDPE                                         f  PUF_Block_Zone       design_pynq_i/CHOICE_PUF_gen_0/U0/GEN_PUF[89].PUF/FDCPE_inst/PRE
  -------------------------------------------------------------------    ----------------------------------------

                         (clock clk_fpga_0 rise edge)
                                                     20.000    20.000 r                       
    PS7_X0Y0             PS7                          0.000    20.000 r                       design_pynq_i/processing_system7_0/inst/PS7_i/FCLKCLK[0]
                         net (fo=1, routed)           1.088    21.088                         design_pynq_i/processing_system7_0/inst/FCLK_CLK_unbuffered[0]
    BUFGCTRL_X0Y16       BUFG (Prop_bufg_I_O)         0.091    21.179 r                       design_pynq_i/processing_system7_0/inst/buffer_fclk_clk_0.FCLK_CLK_0_BUFG/O
                         net (fo=4034, routed)        1.474    22.653                         design_pynq_i/CHOICE_PUF_gen_0/U0/GEN_PUF[89].PUF/clk
    SLICE_X36Y85         FDPE                                         r  PUF_Block_Zone       design_pynq_i/CHOICE_PUF_gen_0/U0/GEN_PUF[89].PUF/FDCPE_inst/C
                         clock pessimism              0.129    22.782                           
                         clock uncertainty           -0.302    22.480                           
    SLICE_X36Y85         FDPE (Recov_fdpe_C_PRE)     -0.263    22.217    PUF_Block_Zone         design_pynq_i/CHOICE_PUF_gen_0/U0/GEN_PUF[89].PUF/FDCPE_inst
  -------------------------------------------------------------------
                         required time                         22.217                           
                         arrival time                         -12.250                           
  -------------------------------------------------------------------
                         slack                                  9.966                           

Slack (MET) :             10.087ns  (required time - arrival time)
  Source:                 design_pynq_i/PUF_controller_0/U0/tune_ctrl_unit_i/ASR_tuning_reg[12]/C
                            (rising edge-triggered cell FDRE clocked by clk_fpga_0  {rise@0.000ns fall@10.000ns period=20.000ns})
  Destination:            design_pynq_i/CHOICE_PUF_gen_0/U0/GEN_PUF[30].PUF/FDCPE_inst/PRE
                            (recovery check against rising-edge clock clk_fpga_0  {rise@0.000ns fall@10.000ns period=20.000ns})
  Path Group:             **async_default**
  Path Type:              Recovery (Max at Slow Process Corner)
  Requirement:            20.000ns  (clk_fpga_0 rise@20.000ns - clk_fpga_0 rise@0.000ns)
  Data Path Delay:        9.186ns  (logic 0.960ns (10.451%)  route 8.226ns (89.549%))
  Logic Levels:           2  (CARRY4=1 SRLC32E=1)
  Clock Path Skew:        -0.160ns (DCD - SCD + CPR)
    Destination Clock Delay (DCD):    2.639ns = ( 22.639 - 20.000 ) 
    Source Clock Delay      (SCD):    2.928ns
    Clock Pessimism Removal (CPR):    0.129ns
  Clock Uncertainty:      0.302ns  ((TSJ^2 + TIJ^2)^1/2 + DJ) / 2 + PE
    Total System Jitter     (TSJ):    0.071ns
    Total Input Jitter      (TIJ):    0.600ns
    Discrete Jitter          (DJ):    0.000ns
    Phase Error              (PE):    0.000ns

    Location             Delay type                Incr(ns)  Path(ns)    PBlock               Netlist Resource(s)
  -------------------------------------------------------------------    ----------------------------------------
                         (clock clk_fpga_0 rise edge)
                                                      0.000     0.000 r                       
    PS7_X0Y0             PS7                          0.000     0.000 r                       design_pynq_i/processing_system7_0/inst/PS7_i/FCLKCLK[0]
                         net (fo=1, routed)           1.193     1.193                         design_pynq_i/processing_system7_0/inst/FCLK_CLK_unbuffered[0]
    BUFGCTRL_X0Y16       BUFG (Prop_bufg_I_O)         0.101     1.294 r                       design_pynq_i/processing_system7_0/inst/buffer_fclk_clk_0.FCLK_CLK_0_BUFG/O
                         net (fo=4034, routed)        1.634     2.928                         design_pynq_i/PUF_controller_0/U0/tune_ctrl_unit_i/clk
    SLICE_X52Y86         FDRE                                         r                       design_pynq_i/PUF_controller_0/U0/tune_ctrl_unit_i/ASR_tuning_reg[12]/C
  -------------------------------------------------------------------    ----------------------------------------
    SLICE_X52Y86         FDRE (Prop_fdre_C_Q)         0.456     3.384 r                       design_pynq_i/PUF_controller_0/U0/tune_ctrl_unit_i/ASR_tuning_reg[12]/Q
                         net (fo=128, routed)         7.141    10.525                         design_pynq_i/CHOICE_PUF_gen_0/U0/GEN_PUF[30].PUF/ASR_length_conf[12]
    SLICE_X46Y68         SRLC32E (Prop_srlc32e_A[2]_Q)
                                                      0.124    10.649 r  PUF_Block_Zone       design_pynq_i/CHOICE_PUF_gen_0/U0/GEN_PUF[30].PUF/SRLC32E_inst_2/Q
                         net (fo=1, routed)           0.000    10.649                         design_pynq_i/CHOICE_PUF_gen_0/U0/GEN_PUF[30].PUF/ASRQ2
    SLICE_X46Y68         CARRY4 (Prop_carry4_S[2]_CO[3])
                                                      0.380    11.029 f  PUF_Block_Zone       design_pynq_i/CHOICE_PUF_gen_0/U0/GEN_PUF[30].PUF/CARRY4_inst/CO[3]
                         net (fo=1, routed)           1.085    12.114                         design_pynq_i/CHOICE_PUF_gen_0/U0/GEN_PUF[30].PUF/carry_out
    SLICE_X48Y75         FDPE                                         f  PUF_Block_Zone       design_pynq_i/CHOICE_PUF_gen_0/U0/GEN_PUF[30].PUF/FDCPE_inst/PRE
  -------------------------------------------------------------------    ----------------------------------------

                         (clock clk_fpga_0 rise edge)
                                                     20.000    20.000 r                       
    PS7_X0Y0             PS7                          0.000    20.000 r                       design_pynq_i/processing_system7_0/inst/PS7_i/FCLKCLK[0]
                         net (fo=1, routed)           1.088    21.088                         design_pynq_i/processing_system7_0/inst/FCLK_CLK_unbuffered[0]
    BUFGCTRL_X0Y16       BUFG (Prop_bufg_I_O)         0.091    21.179 r                       design_pynq_i/processing_system7_0/inst/buffer_fclk_clk_0.FCLK_CLK_0_BUFG/O
                         net (fo=4034, routed)        1.460    22.639                         design_pynq_i/CHOICE_PUF_gen_0/U0/GEN_PUF[30].PUF/clk
    SLICE_X48Y75         FDPE                                         r  PUF_Block_Zone       design_pynq_i/CHOICE_PUF_gen_0/U0/GEN_PUF[30].PUF/FDCPE_inst/C
                         clock pessimism              0.129    22.768                           
                         clock uncertainty           -0.302    22.466                           
    SLICE_X48Y75         FDPE (Recov_fdpe_C_PRE)     -0.265    22.201    PUF_Block_Zone         design_pynq_i/CHOICE_PUF_gen_0/U0/GEN_PUF[30].PUF/FDCPE_inst
  -------------------------------------------------------------------
                         required time                         22.201                           
                         arrival time                         -12.114                           
  -------------------------------------------------------------------
                         slack                                 10.087                           

Slack (MET) :             10.204ns  (required time - arrival time)
  Source:                 design_pynq_i/PUF_controller_0/U0/tune_ctrl_unit_i/ASR_tuning_reg[8]/C
                            (rising edge-triggered cell FDRE clocked by clk_fpga_0  {rise@0.000ns fall@10.000ns period=20.000ns})
  Destination:            design_pynq_i/CHOICE_PUF_gen_0/U0/GEN_PUF[63].PUF/FDCPE_inst/PRE
                            (recovery check against rising-edge clock clk_fpga_0  {rise@0.000ns fall@10.000ns period=20.000ns})
  Path Group:             **async_default**
  Path Type:              Recovery (Max at Slow Process Corner)
  Requirement:            20.000ns  (clk_fpga_0 rise@20.000ns - clk_fpga_0 rise@0.000ns)
  Data Path Delay:        9.085ns  (logic 1.249ns (13.748%)  route 7.836ns (86.252%))
  Logic Levels:           2  (CARRY4=1 SRLC32E=1)
  Clock Path Skew:        -0.144ns (DCD - SCD + CPR)
    Destination Clock Delay (DCD):    2.655ns = ( 22.655 - 20.000 ) 
    Source Clock Delay      (SCD):    2.928ns
    Clock Pessimism Removal (CPR):    0.129ns
  Clock Uncertainty:      0.302ns  ((TSJ^2 + TIJ^2)^1/2 + DJ) / 2 + PE
    Total System Jitter     (TSJ):    0.071ns
    Total Input Jitter      (TIJ):    0.600ns
    Discrete Jitter          (DJ):    0.000ns
    Phase Error              (PE):    0.000ns

    Location             Delay type                Incr(ns)  Path(ns)    PBlock               Netlist Resource(s)
  -------------------------------------------------------------------    ----------------------------------------
                         (clock clk_fpga_0 rise edge)
                                                      0.000     0.000 r                       
    PS7_X0Y0             PS7                          0.000     0.000 r                       design_pynq_i/processing_system7_0/inst/PS7_i/FCLKCLK[0]
                         net (fo=1, routed)           1.193     1.193                         design_pynq_i/processing_system7_0/inst/FCLK_CLK_unbuffered[0]
    BUFGCTRL_X0Y16       BUFG (Prop_bufg_I_O)         0.101     1.294 r                       design_pynq_i/processing_system7_0/inst/buffer_fclk_clk_0.FCLK_CLK_0_BUFG/O
                         net (fo=4034, routed)        1.634     2.928                         design_pynq_i/PUF_controller_0/U0/tune_ctrl_unit_i/clk
    SLICE_X53Y85         FDRE                                         r                       design_pynq_i/PUF_controller_0/U0/tune_ctrl_unit_i/ASR_tuning_reg[8]/C
  -------------------------------------------------------------------    ----------------------------------------
    SLICE_X53Y85         FDRE (Prop_fdre_C_Q)         0.419     3.347 r                       design_pynq_i/PUF_controller_0/U0/tune_ctrl_unit_i/ASR_tuning_reg[8]/Q
                         net (fo=128, routed)         6.882    10.229                         design_pynq_i/CHOICE_PUF_gen_0/U0/GEN_PUF[63].PUF/ASR_length_conf[8]
    SLICE_X34Y87         SRLC32E (Prop_srlc32e_A[3]_Q)
                                                      0.297    10.526 r  PUF_Block_Zone       design_pynq_i/CHOICE_PUF_gen_0/U0/GEN_PUF[63].PUF/SRLC32E_inst_1/Q
                         net (fo=1, routed)           0.000    10.526                         design_pynq_i/CHOICE_PUF_gen_0/U0/GEN_PUF[63].PUF/ASRQ1
    SLICE_X34Y87         CARRY4 (Prop_carry4_S[1]_CO[3])
                                                      0.533    11.059 f  PUF_Block_Zone       design_pynq_i/CHOICE_PUF_gen_0/U0/GEN_PUF[63].PUF/CARRY4_inst/CO[3]
                         net (fo=1, routed)           0.954    12.013                         design_pynq_i/CHOICE_PUF_gen_0/U0/GEN_PUF[63].PUF/carry_out
    SLICE_X35Y87         FDPE                                         f  PUF_Block_Zone       design_pynq_i/CHOICE_PUF_gen_0/U0/GEN_PUF[63].PUF/FDCPE_inst/PRE
  -------------------------------------------------------------------    ----------------------------------------

                         (clock clk_fpga_0 rise edge)
                                                     20.000    20.000 r                       
    PS7_X0Y0             PS7                          0.000    20.000 r                       design_pynq_i/processing_system7_0/inst/PS7_i/FCLKCLK[0]
                         net (fo=1, routed)           1.088    21.088                         design_pynq_i/processing_system7_0/inst/FCLK_CLK_unbuffered[0]
    BUFGCTRL_X0Y16       BUFG (Prop_bufg_I_O)         0.091    21.179 r                       design_pynq_i/processing_system7_0/inst/buffer_fclk_clk_0.FCLK_CLK_0_BUFG/O
                         net (fo=4034, routed)        1.476    22.655                         design_pynq_i/CHOICE_PUF_gen_0/U0/GEN_PUF[63].PUF/clk
    SLICE_X35Y87         FDPE                                         r  PUF_Block_Zone       design_pynq_i/CHOICE_PUF_gen_0/U0/GEN_PUF[63].PUF/FDCPE_inst/C
                         clock pessimism              0.129    22.784                           
                         clock uncertainty           -0.302    22.482                           
    SLICE_X35Y87         FDPE (Recov_fdpe_C_PRE)     -0.265    22.217    PUF_Block_Zone         design_pynq_i/CHOICE_PUF_gen_0/U0/GEN_PUF[63].PUF/FDCPE_inst
  -------------------------------------------------------------------
                         required time                         22.217                           
                         arrival time                         -12.013                           
  -------------------------------------------------------------------
                         slack                                 10.204                           

Slack (MET) :             10.208ns  (required time - arrival time)
  Source:                 design_pynq_i/PUF_controller_0/U0/tune_ctrl_unit_i/ASR_tuning_reg[8]/C
                            (rising edge-triggered cell FDRE clocked by clk_fpga_0  {rise@0.000ns fall@10.000ns period=20.000ns})
  Destination:            design_pynq_i/CHOICE_PUF_gen_0/U0/GEN_PUF[46].PUF/FDCPE_inst/PRE
                            (recovery check against rising-edge clock clk_fpga_0  {rise@0.000ns fall@10.000ns period=20.000ns})
  Path Group:             **async_default**
  Path Type:              Recovery (Max at Slow Process Corner)
  Requirement:            20.000ns  (clk_fpga_0 rise@20.000ns - clk_fpga_0 rise@0.000ns)
  Data Path Delay:        9.083ns  (logic 1.249ns (13.751%)  route 7.834ns (86.249%))
  Logic Levels:           2  (CARRY4=1 SRLC32E=1)
  Clock Path Skew:        -0.142ns (DCD - SCD + CPR)
    Destination Clock Delay (DCD):    2.657ns = ( 22.657 - 20.000 ) 
    Source Clock Delay      (SCD):    2.928ns
    Clock Pessimism Removal (CPR):    0.129ns
  Clock Uncertainty:      0.302ns  ((TSJ^2 + TIJ^2)^1/2 + DJ) / 2 + PE
    Total System Jitter     (TSJ):    0.071ns
    Total Input Jitter      (TIJ):    0.600ns
    Discrete Jitter          (DJ):    0.000ns
    Phase Error              (PE):    0.000ns

    Location             Delay type                Incr(ns)  Path(ns)    PBlock               Netlist Resource(s)
  -------------------------------------------------------------------    ----------------------------------------
                         (clock clk_fpga_0 rise edge)
                                                      0.000     0.000 r                       
    PS7_X0Y0             PS7                          0.000     0.000 r                       design_pynq_i/processing_system7_0/inst/PS7_i/FCLKCLK[0]
                         net (fo=1, routed)           1.193     1.193                         design_pynq_i/processing_system7_0/inst/FCLK_CLK_unbuffered[0]
    BUFGCTRL_X0Y16       BUFG (Prop_bufg_I_O)         0.101     1.294 r                       design_pynq_i/processing_system7_0/inst/buffer_fclk_clk_0.FCLK_CLK_0_BUFG/O
                         net (fo=4034, routed)        1.634     2.928                         design_pynq_i/PUF_controller_0/U0/tune_ctrl_unit_i/clk
    SLICE_X53Y85         FDRE                                         r                       design_pynq_i/PUF_controller_0/U0/tune_ctrl_unit_i/ASR_tuning_reg[8]/C
  -------------------------------------------------------------------    ----------------------------------------
    SLICE_X53Y85         FDRE (Prop_fdre_C_Q)         0.419     3.347 r                       design_pynq_i/PUF_controller_0/U0/tune_ctrl_unit_i/ASR_tuning_reg[8]/Q
                         net (fo=128, routed)         6.880    10.227                         design_pynq_i/CHOICE_PUF_gen_0/U0/GEN_PUF[46].PUF/ASR_length_conf[8]
    SLICE_X34Y90         SRLC32E (Prop_srlc32e_A[3]_Q)
                                                      0.297    10.524 r  PUF_Block_Zone       design_pynq_i/CHOICE_PUF_gen_0/U0/GEN_PUF[46].PUF/SRLC32E_inst_1/Q
                         net (fo=1, routed)           0.000    10.524                         design_pynq_i/CHOICE_PUF_gen_0/U0/GEN_PUF[46].PUF/ASRQ1
    SLICE_X34Y90         CARRY4 (Prop_carry4_S[1]_CO[3])
                                                      0.533    11.057 f  PUF_Block_Zone       design_pynq_i/CHOICE_PUF_gen_0/U0/GEN_PUF[46].PUF/CARRY4_inst/CO[3]
                         net (fo=1, routed)           0.954    12.011                         design_pynq_i/CHOICE_PUF_gen_0/U0/GEN_PUF[46].PUF/carry_out
    SLICE_X35Y90         FDPE                                         f  PUF_Block_Zone       design_pynq_i/CHOICE_PUF_gen_0/U0/GEN_PUF[46].PUF/FDCPE_inst/PRE
  -------------------------------------------------------------------    ----------------------------------------

                         (clock clk_fpga_0 rise edge)
                                                     20.000    20.000 r                       
    PS7_X0Y0             PS7                          0.000    20.000 r                       design_pynq_i/processing_system7_0/inst/PS7_i/FCLKCLK[0]
                         net (fo=1, routed)           1.088    21.088                         design_pynq_i/processing_system7_0/inst/FCLK_CLK_unbuffered[0]
    BUFGCTRL_X0Y16       BUFG (Prop_bufg_I_O)         0.091    21.179 r                       design_pynq_i/processing_system7_0/inst/buffer_fclk_clk_0.FCLK_CLK_0_BUFG/O
                         net (fo=4034, routed)        1.478    22.657                         design_pynq_i/CHOICE_PUF_gen_0/U0/GEN_PUF[46].PUF/clk
    SLICE_X35Y90         FDPE                                         r  PUF_Block_Zone       design_pynq_i/CHOICE_PUF_gen_0/U0/GEN_PUF[46].PUF/FDCPE_inst/C
                         clock pessimism              0.129    22.786                           
                         clock uncertainty           -0.302    22.484                           
    SLICE_X35Y90         FDPE (Recov_fdpe_C_PRE)     -0.265    22.219    PUF_Block_Zone         design_pynq_i/CHOICE_PUF_gen_0/U0/GEN_PUF[46].PUF/FDCPE_inst
  -------------------------------------------------------------------
                         required time                         22.219                           
                         arrival time                         -12.011                           
  -------------------------------------------------------------------
                         slack                                 10.208                           

Slack (MET) :             10.223ns  (required time - arrival time)
  Source:                 design_pynq_i/PUF_controller_0/U0/tune_ctrl_unit_i/ASR_tuning_reg[8]/C
                            (rising edge-triggered cell FDRE clocked by clk_fpga_0  {rise@0.000ns fall@10.000ns period=20.000ns})
  Destination:            design_pynq_i/CHOICE_PUF_gen_0/U0/GEN_PUF[40].PUF/FDCPE_inst/PRE
                            (recovery check against rising-edge clock clk_fpga_0  {rise@0.000ns fall@10.000ns period=20.000ns})
  Path Group:             **async_default**
  Path Type:              Recovery (Max at Slow Process Corner)
  Requirement:            20.000ns  (clk_fpga_0 rise@20.000ns - clk_fpga_0 rise@0.000ns)
  Data Path Delay:        9.066ns  (logic 1.249ns (13.776%)  route 7.817ns (86.224%))
  Logic Levels:           2  (CARRY4=1 SRLC32E=1)
  Clock Path Skew:        -0.143ns (DCD - SCD + CPR)
    Destination Clock Delay (DCD):    2.656ns = ( 22.656 - 20.000 ) 
    Source Clock Delay      (SCD):    2.928ns
    Clock Pessimism Removal (CPR):    0.129ns
  Clock Uncertainty:      0.302ns  ((TSJ^2 + TIJ^2)^1/2 + DJ) / 2 + PE
    Total System Jitter     (TSJ):    0.071ns
    Total Input Jitter      (TIJ):    0.600ns
    Discrete Jitter          (DJ):    0.000ns
    Phase Error              (PE):    0.000ns

    Location             Delay type                Incr(ns)  Path(ns)    PBlock               Netlist Resource(s)
  -------------------------------------------------------------------    ----------------------------------------
                         (clock clk_fpga_0 rise edge)
                                                      0.000     0.000 r                       
    PS7_X0Y0             PS7                          0.000     0.000 r                       design_pynq_i/processing_system7_0/inst/PS7_i/FCLKCLK[0]
                         net (fo=1, routed)           1.193     1.193                         design_pynq_i/processing_system7_0/inst/FCLK_CLK_unbuffered[0]
    BUFGCTRL_X0Y16       BUFG (Prop_bufg_I_O)         0.101     1.294 r                       design_pynq_i/processing_system7_0/inst/buffer_fclk_clk_0.FCLK_CLK_0_BUFG/O
                         net (fo=4034, routed)        1.634     2.928                         design_pynq_i/PUF_controller_0/U0/tune_ctrl_unit_i/clk
    SLICE_X53Y85         FDRE                                         r                       design_pynq_i/PUF_controller_0/U0/tune_ctrl_unit_i/ASR_tuning_reg[8]/C
  -------------------------------------------------------------------    ----------------------------------------
    SLICE_X53Y85         FDRE (Prop_fdre_C_Q)         0.419     3.347 r                       design_pynq_i/PUF_controller_0/U0/tune_ctrl_unit_i/ASR_tuning_reg[8]/Q
                         net (fo=128, routed)         6.883    10.230                         design_pynq_i/CHOICE_PUF_gen_0/U0/GEN_PUF[40].PUF/ASR_length_conf[8]
    SLICE_X46Y97         SRLC32E (Prop_srlc32e_A[3]_Q)
                                                      0.297    10.527 r  PUF_Block_Zone       design_pynq_i/CHOICE_PUF_gen_0/U0/GEN_PUF[40].PUF/SRLC32E_inst_1/Q
                         net (fo=1, routed)           0.000    10.527                         design_pynq_i/CHOICE_PUF_gen_0/U0/GEN_PUF[40].PUF/ASRQ1
    SLICE_X46Y97         CARRY4 (Prop_carry4_S[1]_CO[3])
                                                      0.533    11.060 f  PUF_Block_Zone       design_pynq_i/CHOICE_PUF_gen_0/U0/GEN_PUF[40].PUF/CARRY4_inst/CO[3]
                         net (fo=1, routed)           0.935    11.994                         design_pynq_i/CHOICE_PUF_gen_0/U0/GEN_PUF[40].PUF/carry_out
    SLICE_X48Y95         FDPE                                         f  PUF_Block_Zone       design_pynq_i/CHOICE_PUF_gen_0/U0/GEN_PUF[40].PUF/FDCPE_inst/PRE
  -------------------------------------------------------------------    ----------------------------------------

                         (clock clk_fpga_0 rise edge)
                                                     20.000    20.000 r                       
    PS7_X0Y0             PS7                          0.000    20.000 r                       design_pynq_i/processing_system7_0/inst/PS7_i/FCLKCLK[0]
                         net (fo=1, routed)           1.088    21.088                         design_pynq_i/processing_system7_0/inst/FCLK_CLK_unbuffered[0]
    BUFGCTRL_X0Y16       BUFG (Prop_bufg_I_O)         0.091    21.179 r                       design_pynq_i/processing_system7_0/inst/buffer_fclk_clk_0.FCLK_CLK_0_BUFG/O
                         net (fo=4034, routed)        1.477    22.656                         design_pynq_i/CHOICE_PUF_gen_0/U0/GEN_PUF[40].PUF/clk
    SLICE_X48Y95         FDPE                                         r  PUF_Block_Zone       design_pynq_i/CHOICE_PUF_gen_0/U0/GEN_PUF[40].PUF/FDCPE_inst/C
                         clock pessimism              0.129    22.785                           
                         clock uncertainty           -0.302    22.483                           
    SLICE_X48Y95         FDPE (Recov_fdpe_C_PRE)     -0.265    22.218    PUF_Block_Zone         design_pynq_i/CHOICE_PUF_gen_0/U0/GEN_PUF[40].PUF/FDCPE_inst
  -------------------------------------------------------------------
                         required time                         22.218                           
                         arrival time                         -11.994                           
  -------------------------------------------------------------------
                         slack                                 10.223                           





Min Delay Paths
--------------------------------------------------------------------------------------
Slack (MET) :             0.664ns  (arrival time - required time)
  Source:                 design_pynq_i/PUF_controller_0/U0/tune_ctrl_unit_i/ASR_tuning_reg[14]/C
                            (rising edge-triggered cell FDRE clocked by clk_fpga_0  {rise@0.000ns fall@10.000ns period=20.000ns})
  Destination:            design_pynq_i/CHOICE_PUF_gen_0/U0/GEN_PUF[71].PUF/FDCPE_inst/PRE
                            (removal check against rising-edge clock clk_fpga_0  {rise@0.000ns fall@10.000ns period=20.000ns})
  Path Group:             **async_default**
  Path Type:              Removal (Min at Fast Process Corner)
  Requirement:            0.000ns  (clk_fpga_0 rise@0.000ns - clk_fpga_0 rise@0.000ns)
  Data Path Delay:        0.868ns  (logic 0.297ns (34.234%)  route 0.571ns (65.766%))
  Logic Levels:           2  (CARRY4=1 SRLC32E=1)
  Clock Path Skew:        0.269ns (DCD - SCD - CPR)
    Destination Clock Delay (DCD):    1.188ns
    Source Clock Delay      (SCD):    0.884ns
    Clock Pessimism Removal (CPR):    0.035ns

    Location             Delay type                Incr(ns)  Path(ns)    PBlock               Netlist Resource(s)
  -------------------------------------------------------------------    ----------------------------------------
                         (clock clk_fpga_0 rise edge)
                                                      0.000     0.000 r                       
    PS7_X0Y0             PS7                          0.000     0.000 r                       design_pynq_i/processing_system7_0/inst/PS7_i/FCLKCLK[0]
                         net (fo=1, routed)           0.310     0.310                         design_pynq_i/processing_system7_0/inst/FCLK_CLK_unbuffered[0]
    BUFGCTRL_X0Y16       BUFG (Prop_bufg_I_O)         0.026     0.336 r                       design_pynq_i/processing_system7_0/inst/buffer_fclk_clk_0.FCLK_CLK_0_BUFG/O
                         net (fo=4034, routed)        0.548     0.884                         design_pynq_i/PUF_controller_0/U0/tune_ctrl_unit_i/clk
    SLICE_X52Y85         FDRE                                         r                       design_pynq_i/PUF_controller_0/U0/tune_ctrl_unit_i/ASR_tuning_reg[14]/C
  -------------------------------------------------------------------    ----------------------------------------
    SLICE_X52Y85         FDRE (Prop_fdre_C_Q)         0.141     1.025 r                       design_pynq_i/PUF_controller_0/U0/tune_ctrl_unit_i/ASR_tuning_reg[14]/Q
                         net (fo=128, routed)         0.197     1.222                         design_pynq_i/CHOICE_PUF_gen_0/U0/GEN_PUF[71].PUF/ASR_length_conf[14]
    SLICE_X46Y84         SRLC32E (Prop_srlc32e_A[4]_Q)
                                                      0.045     1.267 r  PUF_Block_Zone       design_pynq_i/CHOICE_PUF_gen_0/U0/GEN_PUF[71].PUF/SRLC32E_inst_2/Q
                         net (fo=1, routed)           0.000     1.267                         design_pynq_i/CHOICE_PUF_gen_0/U0/GEN_PUF[71].PUF/ASRQ2
    SLICE_X46Y84         CARRY4 (Prop_carry4_S[2]_CO[3])
                                                      0.111     1.378 f  PUF_Block_Zone       design_pynq_i/CHOICE_PUF_gen_0/U0/GEN_PUF[71].PUF/CARRY4_inst/CO[3]
                         net (fo=1, routed)           0.374     1.751                         design_pynq_i/CHOICE_PUF_gen_0/U0/GEN_PUF[71].PUF/carry_out
    SLICE_X48Y89         FDPE                                         f  PUF_Block_Zone       design_pynq_i/CHOICE_PUF_gen_0/U0/GEN_PUF[71].PUF/FDCPE_inst/PRE
  -------------------------------------------------------------------    ----------------------------------------

                         (clock clk_fpga_0 rise edge)
                                                      0.000     0.000 r                       
    PS7_X0Y0             PS7                          0.000     0.000 r                       design_pynq_i/processing_system7_0/inst/PS7_i/FCLKCLK[0]
                         net (fo=1, routed)           0.337     0.337                         design_pynq_i/processing_system7_0/inst/FCLK_CLK_unbuffered[0]
    BUFGCTRL_X0Y16       BUFG (Prop_bufg_I_O)         0.029     0.366 r                       design_pynq_i/processing_system7_0/inst/buffer_fclk_clk_0.FCLK_CLK_0_BUFG/O
                         net (fo=4034, routed)        0.822     1.188                         design_pynq_i/CHOICE_PUF_gen_0/U0/GEN_PUF[71].PUF/clk
    SLICE_X48Y89         FDPE                                         r  PUF_Block_Zone       design_pynq_i/CHOICE_PUF_gen_0/U0/GEN_PUF[71].PUF/FDCPE_inst/C
                         clock pessimism             -0.035     1.153                           
    SLICE_X48Y89         FDPE (Remov_fdpe_C_PRE)     -0.066     1.087    PUF_Block_Zone         design_pynq_i/CHOICE_PUF_gen_0/U0/GEN_PUF[71].PUF/FDCPE_inst
  -------------------------------------------------------------------
                         required time                         -1.087                           
                         arrival time                           1.751                           
  -------------------------------------------------------------------
                         slack                                  0.664                           

Slack (MET) :             0.723ns  (arrival time - required time)
  Source:                 design_pynq_i/PUF_controller_0/U0/tune_ctrl_unit_i/ASR_tuning_reg[14]/C
                            (rising edge-triggered cell FDRE clocked by clk_fpga_0  {rise@0.000ns fall@10.000ns period=20.000ns})
  Destination:            design_pynq_i/CHOICE_PUF_gen_0/U0/GEN_PUF[58].PUF/FDCPE_inst/PRE
                            (removal check against rising-edge clock clk_fpga_0  {rise@0.000ns fall@10.000ns period=20.000ns})
  Path Group:             **async_default**
  Path Type:              Removal (Min at Fast Process Corner)
  Requirement:            0.000ns  (clk_fpga_0 rise@0.000ns - clk_fpga_0 rise@0.000ns)
  Data Path Delay:        0.926ns  (logic 0.297ns (32.070%)  route 0.629ns (67.930%))
  Logic Levels:           2  (CARRY4=1 SRLC32E=1)
  Clock Path Skew:        0.269ns (DCD - SCD - CPR)
    Destination Clock Delay (DCD):    1.188ns
    Source Clock Delay      (SCD):    0.884ns
    Clock Pessimism Removal (CPR):    0.035ns

    Location             Delay type                Incr(ns)  Path(ns)    PBlock               Netlist Resource(s)
  -------------------------------------------------------------------    ----------------------------------------
                         (clock clk_fpga_0 rise edge)
                                                      0.000     0.000 r                       
    PS7_X0Y0             PS7                          0.000     0.000 r                       design_pynq_i/processing_system7_0/inst/PS7_i/FCLKCLK[0]
                         net (fo=1, routed)           0.310     0.310                         design_pynq_i/processing_system7_0/inst/FCLK_CLK_unbuffered[0]
    BUFGCTRL_X0Y16       BUFG (Prop_bufg_I_O)         0.026     0.336 r                       design_pynq_i/processing_system7_0/inst/buffer_fclk_clk_0.FCLK_CLK_0_BUFG/O
                         net (fo=4034, routed)        0.548     0.884                         design_pynq_i/PUF_controller_0/U0/tune_ctrl_unit_i/clk
    SLICE_X52Y85         FDRE                                         r                       design_pynq_i/PUF_controller_0/U0/tune_ctrl_unit_i/ASR_tuning_reg[14]/C
  -------------------------------------------------------------------    ----------------------------------------
    SLICE_X52Y85         FDRE (Prop_fdre_C_Q)         0.141     1.025 r                       design_pynq_i/PUF_controller_0/U0/tune_ctrl_unit_i/ASR_tuning_reg[14]/Q
                         net (fo=128, routed)         0.260     1.285                         design_pynq_i/CHOICE_PUF_gen_0/U0/GEN_PUF[58].PUF/ASR_length_conf[14]
    SLICE_X46Y83         SRLC32E (Prop_srlc32e_A[4]_Q)
                                                      0.045     1.330 r  PUF_Block_Zone       design_pynq_i/CHOICE_PUF_gen_0/U0/GEN_PUF[58].PUF/SRLC32E_inst_2/Q
                         net (fo=1, routed)           0.000     1.330                         design_pynq_i/CHOICE_PUF_gen_0/U0/GEN_PUF[58].PUF/ASRQ2
    SLICE_X46Y83         CARRY4 (Prop_carry4_S[2]_CO[3])
                                                      0.111     1.441 f  PUF_Block_Zone       design_pynq_i/CHOICE_PUF_gen_0/U0/GEN_PUF[58].PUF/CARRY4_inst/CO[3]
                         net (fo=1, routed)           0.369     1.810                         design_pynq_i/CHOICE_PUF_gen_0/U0/GEN_PUF[58].PUF/carry_out
    SLICE_X49Y88         FDPE                                         f  PUF_Block_Zone       design_pynq_i/CHOICE_PUF_gen_0/U0/GEN_PUF[58].PUF/FDCPE_inst/PRE
  -------------------------------------------------------------------    ----------------------------------------

                         (clock clk_fpga_0 rise edge)
                                                      0.000     0.000 r                       
    PS7_X0Y0             PS7                          0.000     0.000 r                       design_pynq_i/processing_system7_0/inst/PS7_i/FCLKCLK[0]
                         net (fo=1, routed)           0.337     0.337                         design_pynq_i/processing_system7_0/inst/FCLK_CLK_unbuffered[0]
    BUFGCTRL_X0Y16       BUFG (Prop_bufg_I_O)         0.029     0.366 r                       design_pynq_i/processing_system7_0/inst/buffer_fclk_clk_0.FCLK_CLK_0_BUFG/O
                         net (fo=4034, routed)        0.822     1.188                         design_pynq_i/CHOICE_PUF_gen_0/U0/GEN_PUF[58].PUF/clk
    SLICE_X49Y88         FDPE                                         r  PUF_Block_Zone       design_pynq_i/CHOICE_PUF_gen_0/U0/GEN_PUF[58].PUF/FDCPE_inst/C
                         clock pessimism             -0.035     1.153                           
    SLICE_X49Y88         FDPE (Remov_fdpe_C_PRE)     -0.066     1.087    PUF_Block_Zone         design_pynq_i/CHOICE_PUF_gen_0/U0/GEN_PUF[58].PUF/FDCPE_inst
  -------------------------------------------------------------------
                         required time                         -1.087                           
                         arrival time                           1.810                           
  -------------------------------------------------------------------
                         slack                                  0.723                           

Slack (MET) :             0.732ns  (arrival time - required time)
  Source:                 design_pynq_i/PUF_controller_0/U0/tune_ctrl_unit_i/ASR_tuning_reg[9]/C
                            (rising edge-triggered cell FDRE clocked by clk_fpga_0  {rise@0.000ns fall@10.000ns period=20.000ns})
  Destination:            design_pynq_i/CHOICE_PUF_gen_0/U0/GEN_PUF[112].PUF/FDCPE_inst/PRE
                            (removal check against rising-edge clock clk_fpga_0  {rise@0.000ns fall@10.000ns period=20.000ns})
  Path Group:             **async_default**
  Path Type:              Removal (Min at Fast Process Corner)
  Requirement:            0.000ns  (clk_fpga_0 rise@0.000ns - clk_fpga_0 rise@0.000ns)
  Data Path Delay:        0.936ns  (logic 0.378ns (40.376%)  route 0.558ns (59.624%))
  Logic Levels:           2  (CARRY4=1 SRLC32E=1)
  Clock Path Skew:        0.270ns (DCD - SCD - CPR)
    Destination Clock Delay (DCD):    1.189ns
    Source Clock Delay      (SCD):    0.884ns
    Clock Pessimism Removal (CPR):    0.035ns

    Location             Delay type                Incr(ns)  Path(ns)    PBlock               Netlist Resource(s)
  -------------------------------------------------------------------    ----------------------------------------
                         (clock clk_fpga_0 rise edge)
                                                      0.000     0.000 r                       
    PS7_X0Y0             PS7                          0.000     0.000 r                       design_pynq_i/processing_system7_0/inst/PS7_i/FCLKCLK[0]
                         net (fo=1, routed)           0.310     0.310                         design_pynq_i/processing_system7_0/inst/FCLK_CLK_unbuffered[0]
    BUFGCTRL_X0Y16       BUFG (Prop_bufg_I_O)         0.026     0.336 r                       design_pynq_i/processing_system7_0/inst/buffer_fclk_clk_0.FCLK_CLK_0_BUFG/O
                         net (fo=4034, routed)        0.548     0.884                         design_pynq_i/PUF_controller_0/U0/tune_ctrl_unit_i/clk
    SLICE_X53Y85         FDRE                                         r                       design_pynq_i/PUF_controller_0/U0/tune_ctrl_unit_i/ASR_tuning_reg[9]/C
  -------------------------------------------------------------------    ----------------------------------------
    SLICE_X53Y85         FDRE (Prop_fdre_C_Q)         0.128     1.012 r                       design_pynq_i/PUF_controller_0/U0/tune_ctrl_unit_i/ASR_tuning_reg[9]/Q
                         net (fo=128, routed)         0.196     1.208                         design_pynq_i/CHOICE_PUF_gen_0/U0/GEN_PUF[112].PUF/ASR_length_conf[9]
    SLICE_X46Y85         SRLC32E (Prop_srlc32e_A[4]_Q)
                                                      0.098     1.306 r  PUF_Block_Zone       design_pynq_i/CHOICE_PUF_gen_0/U0/GEN_PUF[112].PUF/SRLC32E_inst_1/Q
                         net (fo=1, routed)           0.000     1.306                         design_pynq_i/CHOICE_PUF_gen_0/U0/GEN_PUF[112].PUF/ASRQ1
    SLICE_X46Y85         CARRY4 (Prop_carry4_S[1]_CO[3])
                                                      0.152     1.458 f  PUF_Block_Zone       design_pynq_i/CHOICE_PUF_gen_0/U0/GEN_PUF[112].PUF/CARRY4_inst/CO[3]
                         net (fo=1, routed)           0.362     1.820                         design_pynq_i/CHOICE_PUF_gen_0/U0/GEN_PUF[112].PUF/carry_out
    SLICE_X48Y91         FDPE                                         f  PUF_Block_Zone       design_pynq_i/CHOICE_PUF_gen_0/U0/GEN_PUF[112].PUF/FDCPE_inst/PRE
  -------------------------------------------------------------------    ----------------------------------------

                         (clock clk_fpga_0 rise edge)
                                                      0.000     0.000 r                       
    PS7_X0Y0             PS7                          0.000     0.000 r                       design_pynq_i/processing_system7_0/inst/PS7_i/FCLKCLK[0]
                         net (fo=1, routed)           0.337     0.337                         design_pynq_i/processing_system7_0/inst/FCLK_CLK_unbuffered[0]
    BUFGCTRL_X0Y16       BUFG (Prop_bufg_I_O)         0.029     0.366 r                       design_pynq_i/processing_system7_0/inst/buffer_fclk_clk_0.FCLK_CLK_0_BUFG/O
                         net (fo=4034, routed)        0.823     1.189                         design_pynq_i/CHOICE_PUF_gen_0/U0/GEN_PUF[112].PUF/clk
    SLICE_X48Y91         FDPE                                         r  PUF_Block_Zone       design_pynq_i/CHOICE_PUF_gen_0/U0/GEN_PUF[112].PUF/FDCPE_inst/C
                         clock pessimism             -0.035     1.154                           
    SLICE_X48Y91         FDPE (Remov_fdpe_C_PRE)     -0.066     1.088    PUF_Block_Zone         design_pynq_i/CHOICE_PUF_gen_0/U0/GEN_PUF[112].PUF/FDCPE_inst
  -------------------------------------------------------------------
                         required time                         -1.088                           
                         arrival time                           1.820                           
  -------------------------------------------------------------------
                         slack                                  0.732                           

Slack (MET) :             0.733ns  (arrival time - required time)
  Source:                 design_pynq_i/PUF_controller_0/U0/tune_ctrl_unit_i/ASR_tuning_reg[17]/C
                            (rising edge-triggered cell FDRE clocked by clk_fpga_0  {rise@0.000ns fall@10.000ns period=20.000ns})
  Destination:            design_pynq_i/CHOICE_PUF_gen_0/U0/GEN_PUF[7].PUF/FDCPE_inst/PRE
                            (removal check against rising-edge clock clk_fpga_0  {rise@0.000ns fall@10.000ns period=20.000ns})
  Path Group:             **async_default**
  Path Type:              Removal (Min at Fast Process Corner)
  Requirement:            0.000ns  (clk_fpga_0 rise@0.000ns - clk_fpga_0 rise@0.000ns)
  Data Path Delay:        0.937ns  (logic 0.295ns (31.488%)  route 0.642ns (68.512%))
  Logic Levels:           2  (CARRY4=1 SRLC32E=1)
  Clock Path Skew:        0.270ns (DCD - SCD - CPR)
    Destination Clock Delay (DCD):    1.189ns
    Source Clock Delay      (SCD):    0.884ns
    Clock Pessimism Removal (CPR):    0.035ns

    Location             Delay type                Incr(ns)  Path(ns)    PBlock               Netlist Resource(s)
  -------------------------------------------------------------------    ----------------------------------------
                         (clock clk_fpga_0 rise edge)
                                                      0.000     0.000 r                       
    PS7_X0Y0             PS7                          0.000     0.000 r                       design_pynq_i/processing_system7_0/inst/PS7_i/FCLKCLK[0]
                         net (fo=1, routed)           0.310     0.310                         design_pynq_i/processing_system7_0/inst/FCLK_CLK_unbuffered[0]
    BUFGCTRL_X0Y16       BUFG (Prop_bufg_I_O)         0.026     0.336 r                       design_pynq_i/processing_system7_0/inst/buffer_fclk_clk_0.FCLK_CLK_0_BUFG/O
                         net (fo=4034, routed)        0.548     0.884                         design_pynq_i/PUF_controller_0/U0/tune_ctrl_unit_i/clk
    SLICE_X52Y86         FDRE                                         r                       design_pynq_i/PUF_controller_0/U0/tune_ctrl_unit_i/ASR_tuning_reg[17]/C
  -------------------------------------------------------------------    ----------------------------------------
    SLICE_X52Y86         FDRE (Prop_fdre_C_Q)         0.141     1.025 r                       design_pynq_i/PUF_controller_0/U0/tune_ctrl_unit_i/ASR_tuning_reg[17]/Q
                         net (fo=128, routed)         0.273     1.297                         design_pynq_i/CHOICE_PUF_gen_0/U0/GEN_PUF[7].PUF/ASR_length_conf[17]
    SLICE_X46Y86         SRLC32E (Prop_srlc32e_A[2]_Q)
                                                      0.045     1.342 r  PUF_Block_Zone       design_pynq_i/CHOICE_PUF_gen_0/U0/GEN_PUF[7].PUF/SRLC32E_inst_3/Q
                         net (fo=1, routed)           0.000     1.342                         design_pynq_i/CHOICE_PUF_gen_0/U0/GEN_PUF[7].PUF/ASRQ3
    SLICE_X46Y86         CARRY4 (Prop_carry4_S[3]_CO[3])
                                                      0.109     1.451 f  PUF_Block_Zone       design_pynq_i/CHOICE_PUF_gen_0/U0/GEN_PUF[7].PUF/CARRY4_inst/CO[3]
                         net (fo=1, routed)           0.369     1.820                         design_pynq_i/CHOICE_PUF_gen_0/U0/GEN_PUF[7].PUF/carry_out
    SLICE_X49Y91         FDPE                                         f  PUF_Block_Zone       design_pynq_i/CHOICE_PUF_gen_0/U0/GEN_PUF[7].PUF/FDCPE_inst/PRE
  -------------------------------------------------------------------    ----------------------------------------

                         (clock clk_fpga_0 rise edge)
                                                      0.000     0.000 r                       
    PS7_X0Y0             PS7                          0.000     0.000 r                       design_pynq_i/processing_system7_0/inst/PS7_i/FCLKCLK[0]
                         net (fo=1, routed)           0.337     0.337                         design_pynq_i/processing_system7_0/inst/FCLK_CLK_unbuffered[0]
    BUFGCTRL_X0Y16       BUFG (Prop_bufg_I_O)         0.029     0.366 r                       design_pynq_i/processing_system7_0/inst/buffer_fclk_clk_0.FCLK_CLK_0_BUFG/O
                         net (fo=4034, routed)        0.823     1.189                         design_pynq_i/CHOICE_PUF_gen_0/U0/GEN_PUF[7].PUF/clk
    SLICE_X49Y91         FDPE                                         r  PUF_Block_Zone       design_pynq_i/CHOICE_PUF_gen_0/U0/GEN_PUF[7].PUF/FDCPE_inst/C
                         clock pessimism             -0.035     1.154                           
    SLICE_X49Y91         FDPE (Remov_fdpe_C_PRE)     -0.066     1.088    PUF_Block_Zone         design_pynq_i/CHOICE_PUF_gen_0/U0/GEN_PUF[7].PUF/FDCPE_inst
  -------------------------------------------------------------------
                         required time                         -1.088                           
                         arrival time                           1.820                           
  -------------------------------------------------------------------
                         slack                                  0.733                           

Slack (MET) :             0.751ns  (arrival time - required time)
  Source:                 design_pynq_i/PUF_controller_0/U0/tune_ctrl_unit_i/ASR_tuning_reg[13]/C
                            (rising edge-triggered cell FDRE clocked by clk_fpga_0  {rise@0.000ns fall@10.000ns period=20.000ns})
  Destination:            design_pynq_i/CHOICE_PUF_gen_0/U0/GEN_PUF[110].PUF/FDCPE_inst/PRE
                            (removal check against rising-edge clock clk_fpga_0  {rise@0.000ns fall@10.000ns period=20.000ns})
  Path Group:             **async_default**
  Path Type:              Removal (Min at Fast Process Corner)
  Requirement:            0.000ns  (clk_fpga_0 rise@0.000ns - clk_fpga_0 rise@0.000ns)
  Data Path Delay:        0.954ns  (logic 0.297ns (31.138%)  route 0.657ns (68.862%))
  Logic Levels:           2  (CARRY4=1 SRLC32E=1)
  Clock Path Skew:        0.269ns (DCD - SCD - CPR)
    Destination Clock Delay (DCD):    1.188ns
    Source Clock Delay      (SCD):    0.884ns
    Clock Pessimism Removal (CPR):    0.035ns

    Location             Delay type                Incr(ns)  Path(ns)    PBlock               Netlist Resource(s)
  -------------------------------------------------------------------    ----------------------------------------
                         (clock clk_fpga_0 rise edge)
                                                      0.000     0.000 r                       
    PS7_X0Y0             PS7                          0.000     0.000 r                       design_pynq_i/processing_system7_0/inst/PS7_i/FCLKCLK[0]
                         net (fo=1, routed)           0.310     0.310                         design_pynq_i/processing_system7_0/inst/FCLK_CLK_unbuffered[0]
    BUFGCTRL_X0Y16       BUFG (Prop_bufg_I_O)         0.026     0.336 r                       design_pynq_i/processing_system7_0/inst/buffer_fclk_clk_0.FCLK_CLK_0_BUFG/O
                         net (fo=4034, routed)        0.548     0.884                         design_pynq_i/PUF_controller_0/U0/tune_ctrl_unit_i/clk
    SLICE_X53Y85         FDRE                                         r                       design_pynq_i/PUF_controller_0/U0/tune_ctrl_unit_i/ASR_tuning_reg[13]/C
  -------------------------------------------------------------------    ----------------------------------------
    SLICE_X53Y85         FDRE (Prop_fdre_C_Q)         0.141     1.025 r                       design_pynq_i/PUF_controller_0/U0/tune_ctrl_unit_i/ASR_tuning_reg[13]/Q
                         net (fo=128, routed)         0.369     1.393                         design_pynq_i/CHOICE_PUF_gen_0/U0/GEN_PUF[110].PUF/ASR_length_conf[13]
    SLICE_X42Y88         SRLC32E (Prop_srlc32e_A[3]_Q)
                                                      0.045     1.438 r  PUF_Block_Zone       design_pynq_i/CHOICE_PUF_gen_0/U0/GEN_PUF[110].PUF/SRLC32E_inst_2/Q
                         net (fo=1, routed)           0.000     1.438                         design_pynq_i/CHOICE_PUF_gen_0/U0/GEN_PUF[110].PUF/ASRQ2
    SLICE_X42Y88         CARRY4 (Prop_carry4_S[2]_CO[3])
                                                      0.111     1.549 f  PUF_Block_Zone       design_pynq_i/CHOICE_PUF_gen_0/U0/GEN_PUF[110].PUF/CARRY4_inst/CO[3]
                         net (fo=1, routed)           0.288     1.837                         design_pynq_i/CHOICE_PUF_gen_0/U0/GEN_PUF[110].PUF/carry_out
    SLICE_X44Y89         FDPE                                         f  PUF_Block_Zone       design_pynq_i/CHOICE_PUF_gen_0/U0/GEN_PUF[110].PUF/FDCPE_inst/PRE
  -------------------------------------------------------------------    ----------------------------------------

                         (clock clk_fpga_0 rise edge)
                                                      0.000     0.000 r                       
    PS7_X0Y0             PS7                          0.000     0.000 r                       design_pynq_i/processing_system7_0/inst/PS7_i/FCLKCLK[0]
                         net (fo=1, routed)           0.337     0.337                         design_pynq_i/processing_system7_0/inst/FCLK_CLK_unbuffered[0]
    BUFGCTRL_X0Y16       BUFG (Prop_bufg_I_O)         0.029     0.366 r                       design_pynq_i/processing_system7_0/inst/buffer_fclk_clk_0.FCLK_CLK_0_BUFG/O
                         net (fo=4034, routed)        0.822     1.188                         design_pynq_i/CHOICE_PUF_gen_0/U0/GEN_PUF[110].PUF/clk
    SLICE_X44Y89         FDPE                                         r  PUF_Block_Zone       design_pynq_i/CHOICE_PUF_gen_0/U0/GEN_PUF[110].PUF/FDCPE_inst/C
                         clock pessimism             -0.035     1.153                           
    SLICE_X44Y89         FDPE (Remov_fdpe_C_PRE)     -0.066     1.087    PUF_Block_Zone         design_pynq_i/CHOICE_PUF_gen_0/U0/GEN_PUF[110].PUF/FDCPE_inst
  -------------------------------------------------------------------
                         required time                         -1.087                           
                         arrival time                           1.837                           
  -------------------------------------------------------------------
                         slack                                  0.751                           

Slack (MET) :             0.759ns  (arrival time - required time)
  Source:                 design_pynq_i/PUF_controller_0/U0/tune_ctrl_unit_i/ASR_tuning_reg[4]/C
                            (rising edge-triggered cell FDRE clocked by clk_fpga_0  {rise@0.000ns fall@10.000ns period=20.000ns})
  Destination:            design_pynq_i/CHOICE_PUF_gen_0/U0/GEN_PUF[67].PUF/FDCPE_inst/PRE
                            (removal check against rising-edge clock clk_fpga_0  {rise@0.000ns fall@10.000ns period=20.000ns})
  Path Group:             **async_default**
  Path Type:              Removal (Min at Fast Process Corner)
  Requirement:            0.000ns  (clk_fpga_0 rise@0.000ns - clk_fpga_0 rise@0.000ns)
  Data Path Delay:        0.960ns  (logic 0.331ns (34.478%)  route 0.629ns (65.522%))
  Logic Levels:           2  (CARRY4=1 SRLC32E=1)
  Clock Path Skew:        0.267ns (DCD - SCD - CPR)
    Destination Clock Delay (DCD):    1.186ns
    Source Clock Delay      (SCD):    0.884ns
    Clock Pessimism Removal (CPR):    0.035ns

    Location             Delay type                Incr(ns)  Path(ns)    PBlock               Netlist Resource(s)
  -------------------------------------------------------------------    ----------------------------------------
                         (clock clk_fpga_0 rise edge)
                                                      0.000     0.000 r                       
    PS7_X0Y0             PS7                          0.000     0.000 r                       design_pynq_i/processing_system7_0/inst/PS7_i/FCLKCLK[0]
                         net (fo=1, routed)           0.310     0.310                         design_pynq_i/processing_system7_0/inst/FCLK_CLK_unbuffered[0]
    BUFGCTRL_X0Y16       BUFG (Prop_bufg_I_O)         0.026     0.336 r                       design_pynq_i/processing_system7_0/inst/buffer_fclk_clk_0.FCLK_CLK_0_BUFG/O
                         net (fo=4034, routed)        0.548     0.884                         design_pynq_i/PUF_controller_0/U0/tune_ctrl_unit_i/clk
    SLICE_X52Y85         FDRE                                         r                       design_pynq_i/PUF_controller_0/U0/tune_ctrl_unit_i/ASR_tuning_reg[4]/C
  -------------------------------------------------------------------    ----------------------------------------
    SLICE_X52Y85         FDRE (Prop_fdre_C_Q)         0.141     1.025 r                       design_pynq_i/PUF_controller_0/U0/tune_ctrl_unit_i/ASR_tuning_reg[4]/Q
                         net (fo=128, routed)         0.345     1.370                         design_pynq_i/CHOICE_PUF_gen_0/U0/GEN_PUF[67].PUF/ASR_length_conf[4]
    SLICE_X42Y86         SRLC32E (Prop_srlc32e_A[4]_Q)
                                                      0.045     1.415 r  PUF_Block_Zone       design_pynq_i/CHOICE_PUF_gen_0/U0/GEN_PUF[67].PUF/SRLC32E_inst_0/Q
                         net (fo=1, routed)           0.000     1.415                         design_pynq_i/CHOICE_PUF_gen_0/U0/GEN_PUF[67].PUF/ASRQ0
    SLICE_X42Y86         CARRY4 (Prop_carry4_S[0]_CO[3])
                                                      0.145     1.560 f  PUF_Block_Zone       design_pynq_i/CHOICE_PUF_gen_0/U0/GEN_PUF[67].PUF/CARRY4_inst/CO[3]
                         net (fo=1, routed)           0.284     1.844                         design_pynq_i/CHOICE_PUF_gen_0/U0/GEN_PUF[67].PUF/carry_out
    SLICE_X45Y87         FDPE                                         f  PUF_Block_Zone       design_pynq_i/CHOICE_PUF_gen_0/U0/GEN_PUF[67].PUF/FDCPE_inst/PRE
  -------------------------------------------------------------------    ----------------------------------------

                         (clock clk_fpga_0 rise edge)
                                                      0.000     0.000 r                       
    PS7_X0Y0             PS7                          0.000     0.000 r                       design_pynq_i/processing_system7_0/inst/PS7_i/FCLKCLK[0]
                         net (fo=1, routed)           0.337     0.337                         design_pynq_i/processing_system7_0/inst/FCLK_CLK_unbuffered[0]
    BUFGCTRL_X0Y16       BUFG (Prop_bufg_I_O)         0.029     0.366 r                       design_pynq_i/processing_system7_0/inst/buffer_fclk_clk_0.FCLK_CLK_0_BUFG/O
                         net (fo=4034, routed)        0.820     1.186                         design_pynq_i/CHOICE_PUF_gen_0/U0/GEN_PUF[67].PUF/clk
    SLICE_X45Y87         FDPE                                         r  PUF_Block_Zone       design_pynq_i/CHOICE_PUF_gen_0/U0/GEN_PUF[67].PUF/FDCPE_inst/C
                         clock pessimism             -0.035     1.151                           
    SLICE_X45Y87         FDPE (Remov_fdpe_C_PRE)     -0.066     1.085    PUF_Block_Zone         design_pynq_i/CHOICE_PUF_gen_0/U0/GEN_PUF[67].PUF/FDCPE_inst
  -------------------------------------------------------------------
                         required time                         -1.085                           
                         arrival time                           1.844                           
  -------------------------------------------------------------------
                         slack                                  0.759                           

Slack (MET) :             0.779ns  (arrival time - required time)
  Source:                 design_pynq_i/PUF_controller_0/U0/tune_ctrl_unit_i/ASR_tuning_reg[14]/C
                            (rising edge-triggered cell FDRE clocked by clk_fpga_0  {rise@0.000ns fall@10.000ns period=20.000ns})
  Destination:            design_pynq_i/CHOICE_PUF_gen_0/U0/GEN_PUF[103].PUF/FDCPE_inst/PRE
                            (removal check against rising-edge clock clk_fpga_0  {rise@0.000ns fall@10.000ns period=20.000ns})
  Path Group:             **async_default**
  Path Type:              Removal (Min at Fast Process Corner)
  Requirement:            0.000ns  (clk_fpga_0 rise@0.000ns - clk_fpga_0 rise@0.000ns)
  Data Path Delay:        0.982ns  (logic 0.297ns (30.246%)  route 0.685ns (69.754%))
  Logic Levels:           2  (CARRY4=1 SRLC32E=1)
  Clock Path Skew:        0.269ns (DCD - SCD - CPR)
    Destination Clock Delay (DCD):    1.188ns
    Source Clock Delay      (SCD):    0.884ns
    Clock Pessimism Removal (CPR):    0.035ns

    Location             Delay type                Incr(ns)  Path(ns)    PBlock               Netlist Resource(s)
  -------------------------------------------------------------------    ----------------------------------------
                         (clock clk_fpga_0 rise edge)
                                                      0.000     0.000 r                       
    PS7_X0Y0             PS7                          0.000     0.000 r                       design_pynq_i/processing_system7_0/inst/PS7_i/FCLKCLK[0]
                         net (fo=1, routed)           0.310     0.310                         design_pynq_i/processing_system7_0/inst/FCLK_CLK_unbuffered[0]
    BUFGCTRL_X0Y16       BUFG (Prop_bufg_I_O)         0.026     0.336 r                       design_pynq_i/processing_system7_0/inst/buffer_fclk_clk_0.FCLK_CLK_0_BUFG/O
                         net (fo=4034, routed)        0.548     0.884                         design_pynq_i/PUF_controller_0/U0/tune_ctrl_unit_i/clk
    SLICE_X52Y85         FDRE                                         r                       design_pynq_i/PUF_controller_0/U0/tune_ctrl_unit_i/ASR_tuning_reg[14]/C
  -------------------------------------------------------------------    ----------------------------------------
    SLICE_X52Y85         FDRE (Prop_fdre_C_Q)         0.141     1.025 r                       design_pynq_i/PUF_controller_0/U0/tune_ctrl_unit_i/ASR_tuning_reg[14]/Q
                         net (fo=128, routed)         0.323     1.347                         design_pynq_i/CHOICE_PUF_gen_0/U0/GEN_PUF[103].PUF/ASR_length_conf[14]
    SLICE_X46Y82         SRLC32E (Prop_srlc32e_A[4]_Q)
                                                      0.045     1.392 r  PUF_Block_Zone       design_pynq_i/CHOICE_PUF_gen_0/U0/GEN_PUF[103].PUF/SRLC32E_inst_2/Q
                         net (fo=1, routed)           0.000     1.392                         design_pynq_i/CHOICE_PUF_gen_0/U0/GEN_PUF[103].PUF/ASRQ2
    SLICE_X46Y82         CARRY4 (Prop_carry4_S[2]_CO[3])
                                                      0.111     1.503 f  PUF_Block_Zone       design_pynq_i/CHOICE_PUF_gen_0/U0/GEN_PUF[103].PUF/CARRY4_inst/CO[3]
                         net (fo=1, routed)           0.362     1.866                         design_pynq_i/CHOICE_PUF_gen_0/U0/GEN_PUF[103].PUF/carry_out
    SLICE_X48Y88         FDPE                                         f  PUF_Block_Zone       design_pynq_i/CHOICE_PUF_gen_0/U0/GEN_PUF[103].PUF/FDCPE_inst/PRE
  -------------------------------------------------------------------    ----------------------------------------

                         (clock clk_fpga_0 rise edge)
                                                      0.000     0.000 r                       
    PS7_X0Y0             PS7                          0.000     0.000 r                       design_pynq_i/processing_system7_0/inst/PS7_i/FCLKCLK[0]
                         net (fo=1, routed)           0.337     0.337                         design_pynq_i/processing_system7_0/inst/FCLK_CLK_unbuffered[0]
    BUFGCTRL_X0Y16       BUFG (Prop_bufg_I_O)         0.029     0.366 r                       design_pynq_i/processing_system7_0/inst/buffer_fclk_clk_0.FCLK_CLK_0_BUFG/O
                         net (fo=4034, routed)        0.822     1.188                         design_pynq_i/CHOICE_PUF_gen_0/U0/GEN_PUF[103].PUF/clk
    SLICE_X48Y88         FDPE                                         r  PUF_Block_Zone       design_pynq_i/CHOICE_PUF_gen_0/U0/GEN_PUF[103].PUF/FDCPE_inst/C
                         clock pessimism             -0.035     1.153                           
    SLICE_X48Y88         FDPE (Remov_fdpe_C_PRE)     -0.066     1.087    PUF_Block_Zone         design_pynq_i/CHOICE_PUF_gen_0/U0/GEN_PUF[103].PUF/FDCPE_inst
  -------------------------------------------------------------------
                         required time                         -1.087                           
                         arrival time                           1.866                           
  -------------------------------------------------------------------
                         slack                                  0.779                           

Slack (MET) :             0.802ns  (arrival time - required time)
  Source:                 design_pynq_i/PUF_controller_0/U0/tune_ctrl_unit_i/ASR_tuning_reg[15]/C
                            (rising edge-triggered cell FDRE clocked by clk_fpga_0  {rise@0.000ns fall@10.000ns period=20.000ns})
  Destination:            design_pynq_i/CHOICE_PUF_gen_0/U0/GEN_PUF[77].PUF/FDCPE_inst/PRE
                            (removal check against rising-edge clock clk_fpga_0  {rise@0.000ns fall@10.000ns period=20.000ns})
  Path Group:             **async_default**
  Path Type:              Removal (Min at Fast Process Corner)
  Requirement:            0.000ns  (clk_fpga_0 rise@0.000ns - clk_fpga_0 rise@0.000ns)
  Data Path Delay:        1.005ns  (logic 0.295ns (29.341%)  route 0.710ns (70.659%))
  Logic Levels:           2  (CARRY4=1 SRLC32E=1)
  Clock Path Skew:        0.269ns (DCD - SCD - CPR)
    Destination Clock Delay (DCD):    1.188ns
    Source Clock Delay      (SCD):    0.884ns
    Clock Pessimism Removal (CPR):    0.035ns

    Location             Delay type                Incr(ns)  Path(ns)    PBlock               Netlist Resource(s)
  -------------------------------------------------------------------    ----------------------------------------
                         (clock clk_fpga_0 rise edge)
                                                      0.000     0.000 r                       
    PS7_X0Y0             PS7                          0.000     0.000 r                       design_pynq_i/processing_system7_0/inst/PS7_i/FCLKCLK[0]
                         net (fo=1, routed)           0.310     0.310                         design_pynq_i/processing_system7_0/inst/FCLK_CLK_unbuffered[0]
    BUFGCTRL_X0Y16       BUFG (Prop_bufg_I_O)         0.026     0.336 r                       design_pynq_i/processing_system7_0/inst/buffer_fclk_clk_0.FCLK_CLK_0_BUFG/O
                         net (fo=4034, routed)        0.548     0.884                         design_pynq_i/PUF_controller_0/U0/tune_ctrl_unit_i/clk
    SLICE_X53Y86         FDRE                                         r                       design_pynq_i/PUF_controller_0/U0/tune_ctrl_unit_i/ASR_tuning_reg[15]/C
  -------------------------------------------------------------------    ----------------------------------------
    SLICE_X53Y86         FDRE (Prop_fdre_C_Q)         0.141     1.025 r                       design_pynq_i/PUF_controller_0/U0/tune_ctrl_unit_i/ASR_tuning_reg[15]/Q
                         net (fo=128, routed)         0.398     1.423                         design_pynq_i/CHOICE_PUF_gen_0/U0/GEN_PUF[77].PUF/ASR_length_conf[15]
    SLICE_X46Y88         SRLC32E (Prop_srlc32e_A[0]_Q)
                                                      0.045     1.468 r  PUF_Block_Zone       design_pynq_i/CHOICE_PUF_gen_0/U0/GEN_PUF[77].PUF/SRLC32E_inst_3/Q
                         net (fo=1, routed)           0.000     1.468                         design_pynq_i/CHOICE_PUF_gen_0/U0/GEN_PUF[77].PUF/ASRQ3
    SLICE_X46Y88         CARRY4 (Prop_carry4_S[3]_CO[3])
                                                      0.109     1.577 f  PUF_Block_Zone       design_pynq_i/CHOICE_PUF_gen_0/U0/GEN_PUF[77].PUF/CARRY4_inst/CO[3]
                         net (fo=1, routed)           0.312     1.889                         design_pynq_i/CHOICE_PUF_gen_0/U0/GEN_PUF[77].PUF/carry_out
    SLICE_X47Y88         FDPE                                         f  PUF_Block_Zone       design_pynq_i/CHOICE_PUF_gen_0/U0/GEN_PUF[77].PUF/FDCPE_inst/PRE
  -------------------------------------------------------------------    ----------------------------------------

                         (clock clk_fpga_0 rise edge)
                                                      0.000     0.000 r                       
    PS7_X0Y0             PS7                          0.000     0.000 r                       design_pynq_i/processing_system7_0/inst/PS7_i/FCLKCLK[0]
                         net (fo=1, routed)           0.337     0.337                         design_pynq_i/processing_system7_0/inst/FCLK_CLK_unbuffered[0]
    BUFGCTRL_X0Y16       BUFG (Prop_bufg_I_O)         0.029     0.366 r                       design_pynq_i/processing_system7_0/inst/buffer_fclk_clk_0.FCLK_CLK_0_BUFG/O
                         net (fo=4034, routed)        0.822     1.188                         design_pynq_i/CHOICE_PUF_gen_0/U0/GEN_PUF[77].PUF/clk
    SLICE_X47Y88         FDPE                                         r  PUF_Block_Zone       design_pynq_i/CHOICE_PUF_gen_0/U0/GEN_PUF[77].PUF/FDCPE_inst/C
                         clock pessimism             -0.035     1.153                           
    SLICE_X47Y88         FDPE (Remov_fdpe_C_PRE)     -0.066     1.087    PUF_Block_Zone         design_pynq_i/CHOICE_PUF_gen_0/U0/GEN_PUF[77].PUF/FDCPE_inst
  -------------------------------------------------------------------
                         required time                         -1.087                           
                         arrival time                           1.889                           
  -------------------------------------------------------------------
                         slack                                  0.802                           

Slack (MET) :             0.807ns  (arrival time - required time)
  Source:                 design_pynq_i/PUF_controller_0/U0/tune_ctrl_unit_i/ASR_tuning_reg[4]/C
                            (rising edge-triggered cell FDRE clocked by clk_fpga_0  {rise@0.000ns fall@10.000ns period=20.000ns})
  Destination:            design_pynq_i/CHOICE_PUF_gen_0/U0/GEN_PUF[23].PUF/FDCPE_inst/PRE
                            (removal check against rising-edge clock clk_fpga_0  {rise@0.000ns fall@10.000ns period=20.000ns})
  Path Group:             **async_default**
  Path Type:              Removal (Min at Fast Process Corner)
  Requirement:            0.000ns  (clk_fpga_0 rise@0.000ns - clk_fpga_0 rise@0.000ns)
  Data Path Delay:        1.008ns  (logic 0.331ns (32.827%)  route 0.677ns (67.173%))
  Logic Levels:           2  (CARRY4=1 SRLC32E=1)
  Clock Path Skew:        0.267ns (DCD - SCD - CPR)
    Destination Clock Delay (DCD):    1.186ns
    Source Clock Delay      (SCD):    0.884ns
    Clock Pessimism Removal (CPR):    0.035ns

    Location             Delay type                Incr(ns)  Path(ns)    PBlock               Netlist Resource(s)
  -------------------------------------------------------------------    ----------------------------------------
                         (clock clk_fpga_0 rise edge)
                                                      0.000     0.000 r                       
    PS7_X0Y0             PS7                          0.000     0.000 r                       design_pynq_i/processing_system7_0/inst/PS7_i/FCLKCLK[0]
                         net (fo=1, routed)           0.310     0.310                         design_pynq_i/processing_system7_0/inst/FCLK_CLK_unbuffered[0]
    BUFGCTRL_X0Y16       BUFG (Prop_bufg_I_O)         0.026     0.336 r                       design_pynq_i/processing_system7_0/inst/buffer_fclk_clk_0.FCLK_CLK_0_BUFG/O
                         net (fo=4034, routed)        0.548     0.884                         design_pynq_i/PUF_controller_0/U0/tune_ctrl_unit_i/clk
    SLICE_X52Y85         FDRE                                         r                       design_pynq_i/PUF_controller_0/U0/tune_ctrl_unit_i/ASR_tuning_reg[4]/C
  -------------------------------------------------------------------    ----------------------------------------
    SLICE_X52Y85         FDRE (Prop_fdre_C_Q)         0.141     1.025 r                       design_pynq_i/PUF_controller_0/U0/tune_ctrl_unit_i/ASR_tuning_reg[4]/Q
                         net (fo=128, routed)         0.321     1.345                         design_pynq_i/CHOICE_PUF_gen_0/U0/GEN_PUF[23].PUF/ASR_length_conf[4]
    SLICE_X42Y85         SRLC32E (Prop_srlc32e_A[4]_Q)
                                                      0.045     1.390 r  PUF_Block_Zone       design_pynq_i/CHOICE_PUF_gen_0/U0/GEN_PUF[23].PUF/SRLC32E_inst_0/Q
                         net (fo=1, routed)           0.000     1.390                         design_pynq_i/CHOICE_PUF_gen_0/U0/GEN_PUF[23].PUF/ASRQ0
    SLICE_X42Y85         CARRY4 (Prop_carry4_S[0]_CO[3])
                                                      0.145     1.535 f  PUF_Block_Zone       design_pynq_i/CHOICE_PUF_gen_0/U0/GEN_PUF[23].PUF/CARRY4_inst/CO[3]
                         net (fo=1, routed)           0.357     1.892                         design_pynq_i/CHOICE_PUF_gen_0/U0/GEN_PUF[23].PUF/carry_out
    SLICE_X44Y87         FDPE                                         f  PUF_Block_Zone       design_pynq_i/CHOICE_PUF_gen_0/U0/GEN_PUF[23].PUF/FDCPE_inst/PRE
  -------------------------------------------------------------------    ----------------------------------------

                         (clock clk_fpga_0 rise edge)
                                                      0.000     0.000 r                       
    PS7_X0Y0             PS7                          0.000     0.000 r                       design_pynq_i/processing_system7_0/inst/PS7_i/FCLKCLK[0]
                         net (fo=1, routed)           0.337     0.337                         design_pynq_i/processing_system7_0/inst/FCLK_CLK_unbuffered[0]
    BUFGCTRL_X0Y16       BUFG (Prop_bufg_I_O)         0.029     0.366 r                       design_pynq_i/processing_system7_0/inst/buffer_fclk_clk_0.FCLK_CLK_0_BUFG/O
                         net (fo=4034, routed)        0.820     1.186                         design_pynq_i/CHOICE_PUF_gen_0/U0/GEN_PUF[23].PUF/clk
    SLICE_X44Y87         FDPE                                         r  PUF_Block_Zone       design_pynq_i/CHOICE_PUF_gen_0/U0/GEN_PUF[23].PUF/FDCPE_inst/C
                         clock pessimism             -0.035     1.151                           
    SLICE_X44Y87         FDPE (Remov_fdpe_C_PRE)     -0.066     1.085    PUF_Block_Zone         design_pynq_i/CHOICE_PUF_gen_0/U0/GEN_PUF[23].PUF/FDCPE_inst
  -------------------------------------------------------------------
                         required time                         -1.085                           
                         arrival time                           1.892                           
  -------------------------------------------------------------------
                         slack                                  0.807                           

Slack (MET) :             0.817ns  (arrival time - required time)
  Source:                 design_pynq_i/PUF_controller_0/U0/tune_ctrl_unit_i/ASR_tuning_reg[19]/C
                            (rising edge-triggered cell FDRE clocked by clk_fpga_0  {rise@0.000ns fall@10.000ns period=20.000ns})
  Destination:            design_pynq_i/CHOICE_PUF_gen_0/U0/GEN_PUF[93].PUF/FDCPE_inst/PRE
                            (removal check against rising-edge clock clk_fpga_0  {rise@0.000ns fall@10.000ns period=20.000ns})
  Path Group:             **async_default**
  Path Type:              Removal (Min at Fast Process Corner)
  Requirement:            0.000ns  (clk_fpga_0 rise@0.000ns - clk_fpga_0 rise@0.000ns)
  Data Path Delay:        1.016ns  (logic 0.295ns (29.026%)  route 0.721ns (70.974%))
  Logic Levels:           2  (CARRY4=1 SRLC32E=1)
  Clock Path Skew:        0.265ns (DCD - SCD - CPR)
    Destination Clock Delay (DCD):    1.184ns
    Source Clock Delay      (SCD):    0.884ns
    Clock Pessimism Removal (CPR):    0.035ns

    Location             Delay type                Incr(ns)  Path(ns)    PBlock               Netlist Resource(s)
  -------------------------------------------------------------------    ----------------------------------------
                         (clock clk_fpga_0 rise edge)
                                                      0.000     0.000 r                       
    PS7_X0Y0             PS7                          0.000     0.000 r                       design_pynq_i/processing_system7_0/inst/PS7_i/FCLKCLK[0]
                         net (fo=1, routed)           0.310     0.310                         design_pynq_i/processing_system7_0/inst/FCLK_CLK_unbuffered[0]
    BUFGCTRL_X0Y16       BUFG (Prop_bufg_I_O)         0.026     0.336 r                       design_pynq_i/processing_system7_0/inst/buffer_fclk_clk_0.FCLK_CLK_0_BUFG/O
                         net (fo=4034, routed)        0.548     0.884                         design_pynq_i/PUF_controller_0/U0/tune_ctrl_unit_i/clk
    SLICE_X53Y85         FDRE                                         r                       design_pynq_i/PUF_controller_0/U0/tune_ctrl_unit_i/ASR_tuning_reg[19]/C
  -------------------------------------------------------------------    ----------------------------------------
    SLICE_X53Y85         FDRE (Prop_fdre_C_Q)         0.141     1.025 r                       design_pynq_i/PUF_controller_0/U0/tune_ctrl_unit_i/ASR_tuning_reg[19]/Q
                         net (fo=128, routed)         0.437     1.462                         design_pynq_i/CHOICE_PUF_gen_0/U0/GEN_PUF[93].PUF/ASR_length_conf[19]
    SLICE_X42Y83         SRLC32E (Prop_srlc32e_A[4]_Q)
                                                      0.045     1.507 r  PUF_Block_Zone       design_pynq_i/CHOICE_PUF_gen_0/U0/GEN_PUF[93].PUF/SRLC32E_inst_3/Q
                         net (fo=1, routed)           0.000     1.507                         design_pynq_i/CHOICE_PUF_gen_0/U0/GEN_PUF[93].PUF/ASRQ3
    SLICE_X42Y83         CARRY4 (Prop_carry4_S[3]_CO[3])
                                                      0.109     1.616 f  PUF_Block_Zone       design_pynq_i/CHOICE_PUF_gen_0/U0/GEN_PUF[93].PUF/CARRY4_inst/CO[3]
                         net (fo=1, routed)           0.284     1.900                         design_pynq_i/CHOICE_PUF_gen_0/U0/GEN_PUF[93].PUF/carry_out
    SLICE_X45Y84         FDPE                                         f  PUF_Block_Zone       design_pynq_i/CHOICE_PUF_gen_0/U0/GEN_PUF[93].PUF/FDCPE_inst/PRE
  -------------------------------------------------------------------    ----------------------------------------

                         (clock clk_fpga_0 rise edge)
                                                      0.000     0.000 r                       
    PS7_X0Y0             PS7                          0.000     0.000 r                       design_pynq_i/processing_system7_0/inst/PS7_i/FCLKCLK[0]
                         net (fo=1, routed)           0.337     0.337                         design_pynq_i/processing_system7_0/inst/FCLK_CLK_unbuffered[0]
    BUFGCTRL_X0Y16       BUFG (Prop_bufg_I_O)         0.029     0.366 r                       design_pynq_i/processing_system7_0/inst/buffer_fclk_clk_0.FCLK_CLK_0_BUFG/O
                         net (fo=4034, routed)        0.818     1.184                         design_pynq_i/CHOICE_PUF_gen_0/U0/GEN_PUF[93].PUF/clk
    SLICE_X45Y84         FDPE                                         r  PUF_Block_Zone       design_pynq_i/CHOICE_PUF_gen_0/U0/GEN_PUF[93].PUF/FDCPE_inst/C
                         clock pessimism             -0.035     1.149                           
    SLICE_X45Y84         FDPE (Remov_fdpe_C_PRE)     -0.066     1.083    PUF_Block_Zone         design_pynq_i/CHOICE_PUF_gen_0/U0/GEN_PUF[93].PUF/FDCPE_inst
  -------------------------------------------------------------------
                         required time                         -1.083                           
                         arrival time                           1.900                           
  -------------------------------------------------------------------
                         slack                                  0.817                           





--------------------------------------------------------------------------------------
Path Group:  (none)
From Clock:  
  To Clock:  clk_fpga_0

Max Delay             1 Endpoint
Min Delay             1 Endpoint
--------------------------------------------------------------------------------------


Max Delay Paths
--------------------------------------------------------------------------------------
Slack:                    inf
  Source:                 design_pynq_i/processing_system7_0/inst/PS7_i/FCLKRESETN[0]
                            (internal pin)
  Destination:            design_pynq_i/rst_ps7_0_50M/U0/EXT_LPF/ACTIVE_LOW_EXT.ACT_LO_EXT/GENERATE_LEVEL_P_S_CDC.SINGLE_BIT.CROSS_PLEVEL_IN2SCNDRY_IN_cdc_to/D
                            (rising edge-triggered cell FDRE clocked by clk_fpga_0  {rise@0.000ns fall@10.000ns period=20.000ns})
  Path Group:             (none)
  Path Type:              Setup (Max at Slow Process Corner)
  Data Path Delay:        3.443ns  (logic 0.124ns (3.601%)  route 3.319ns (96.399%))
  Logic Levels:           1  (LUT1=1)
  Clock Uncertainty:      0.301ns  ((TSJ^2 + TIJ^2)^1/2 + DJ) / 2 + PE
    Total System Jitter     (TSJ):    0.050ns
    Total Input Jitter      (TIJ):    0.600ns
    Discrete Jitter          (DJ):    0.000ns
    Phase Error              (PE):    0.000ns
  Timing Exception:       False Path

    Location             Delay type                Incr(ns)  Path(ns)    Netlist Resource(s)
  -------------------------------------------------------------------    -------------------
    PS7_X0Y0             PS7                          0.000     0.000 f  design_pynq_i/processing_system7_0/inst/PS7_i/FCLKRESETN[0]
                         net (fo=1, routed)           2.824     2.824    design_pynq_i/rst_ps7_0_50M/U0/EXT_LPF/ACTIVE_LOW_EXT.ACT_LO_EXT/ext_reset_in
    SLICE_X5Y49          LUT1 (Prop_lut1_I0_O)        0.124     2.948 r  design_pynq_i/rst_ps7_0_50M/U0/EXT_LPF/ACTIVE_LOW_EXT.ACT_LO_EXT/GENERATE_LEVEL_P_S_CDC.SINGLE_BIT.CROSS_PLEVEL_IN2SCNDRY_IN_cdc_to_i_1/O
                         net (fo=1, routed)           0.496     3.443    design_pynq_i/rst_ps7_0_50M/U0/EXT_LPF/ACTIVE_LOW_EXT.ACT_LO_EXT/exr_d1
    SLICE_X4Y49          FDRE                                         r  design_pynq_i/rst_ps7_0_50M/U0/EXT_LPF/ACTIVE_LOW_EXT.ACT_LO_EXT/GENERATE_LEVEL_P_S_CDC.SINGLE_BIT.CROSS_PLEVEL_IN2SCNDRY_IN_cdc_to/D
  -------------------------------------------------------------------    -------------------

                         (clock clk_fpga_0 rise edge)
                                                      0.000     0.000 r  
    PS7_X0Y0             PS7                          0.000     0.000 r  design_pynq_i/processing_system7_0/inst/PS7_i/FCLKCLK[0]
                         net (fo=1, routed)           1.088     1.088    design_pynq_i/processing_system7_0/inst/FCLK_CLK_unbuffered[0]
    BUFGCTRL_X0Y16       BUFG (Prop_bufg_I_O)         0.091     1.179 r  design_pynq_i/processing_system7_0/inst/buffer_fclk_clk_0.FCLK_CLK_0_BUFG/O
                         net (fo=4034, routed)        1.659     2.839    design_pynq_i/rst_ps7_0_50M/U0/EXT_LPF/ACTIVE_LOW_EXT.ACT_LO_EXT/slowest_sync_clk
    SLICE_X4Y49          FDRE                                         r  design_pynq_i/rst_ps7_0_50M/U0/EXT_LPF/ACTIVE_LOW_EXT.ACT_LO_EXT/GENERATE_LEVEL_P_S_CDC.SINGLE_BIT.CROSS_PLEVEL_IN2SCNDRY_IN_cdc_to/C





Min Delay Paths
--------------------------------------------------------------------------------------
Slack:                    inf
  Source:                 design_pynq_i/processing_system7_0/inst/PS7_i/FCLKRESETN[0]
                            (internal pin)
  Destination:            design_pynq_i/rst_ps7_0_50M/U0/EXT_LPF/ACTIVE_LOW_EXT.ACT_LO_EXT/GENERATE_LEVEL_P_S_CDC.SINGLE_BIT.CROSS_PLEVEL_IN2SCNDRY_IN_cdc_to/D
                            (rising edge-triggered cell FDRE clocked by clk_fpga_0  {rise@0.000ns fall@10.000ns period=20.000ns})
  Path Group:             (none)
  Path Type:              Hold (Min at Fast Process Corner)
  Data Path Delay:        1.400ns  (logic 0.045ns (3.214%)  route 1.355ns (96.786%))
  Logic Levels:           1  (LUT1=1)
  Clock Uncertainty:      0.301ns  ((TSJ^2 + TIJ^2)^1/2 + DJ) / 2 + PE
    Total System Jitter     (TSJ):    0.050ns
    Total Input Jitter      (TIJ):    0.600ns
    Discrete Jitter          (DJ):    0.000ns
    Phase Error              (PE):    0.000ns
  Timing Exception:       False Path

    Location             Delay type                Incr(ns)  Path(ns)    Netlist Resource(s)
  -------------------------------------------------------------------    -------------------
    PS7_X0Y0             PS7                          0.000     0.000 f  design_pynq_i/processing_system7_0/inst/PS7_i/FCLKRESETN[0]
                         net (fo=1, routed)           1.184     1.184    design_pynq_i/rst_ps7_0_50M/U0/EXT_LPF/ACTIVE_LOW_EXT.ACT_LO_EXT/ext_reset_in
    SLICE_X5Y49          LUT1 (Prop_lut1_I0_O)        0.045     1.229 r  design_pynq_i/rst_ps7_0_50M/U0/EXT_LPF/ACTIVE_LOW_EXT.ACT_LO_EXT/GENERATE_LEVEL_P_S_CDC.SINGLE_BIT.CROSS_PLEVEL_IN2SCNDRY_IN_cdc_to_i_1/O
                         net (fo=1, routed)           0.172     1.400    design_pynq_i/rst_ps7_0_50M/U0/EXT_LPF/ACTIVE_LOW_EXT.ACT_LO_EXT/exr_d1
    SLICE_X4Y49          FDRE                                         r  design_pynq_i/rst_ps7_0_50M/U0/EXT_LPF/ACTIVE_LOW_EXT.ACT_LO_EXT/GENERATE_LEVEL_P_S_CDC.SINGLE_BIT.CROSS_PLEVEL_IN2SCNDRY_IN_cdc_to/D
  -------------------------------------------------------------------    -------------------

                         (clock clk_fpga_0 rise edge)
                                                      0.000     0.000 r  
    PS7_X0Y0             PS7                          0.000     0.000 r  design_pynq_i/processing_system7_0/inst/PS7_i/FCLKCLK[0]
                         net (fo=1, routed)           0.337     0.337    design_pynq_i/processing_system7_0/inst/FCLK_CLK_unbuffered[0]
    BUFGCTRL_X0Y16       BUFG (Prop_bufg_I_O)         0.029     0.366 r  design_pynq_i/processing_system7_0/inst/buffer_fclk_clk_0.FCLK_CLK_0_BUFG/O
                         net (fo=4034, routed)        0.895     1.261    design_pynq_i/rst_ps7_0_50M/U0/EXT_LPF/ACTIVE_LOW_EXT.ACT_LO_EXT/slowest_sync_clk
    SLICE_X4Y49          FDRE                                         r  design_pynq_i/rst_ps7_0_50M/U0/EXT_LPF/ACTIVE_LOW_EXT.ACT_LO_EXT/GENERATE_LEVEL_P_S_CDC.SINGLE_BIT.CROSS_PLEVEL_IN2SCNDRY_IN_cdc_to/C





--------------------------------------------------------------------------------------
Path Group:  (none)
From Clock:  clk_fpga_0
  To Clock:  clk_fpga_0

Max Delay            90 Endpoints
Min Delay            90 Endpoints
--------------------------------------------------------------------------------------


Max Delay Paths
--------------------------------------------------------------------------------------
Slack:                    inf
  Source:                 design_pynq_i/processing_system7_0/inst/PS7_i/MAXIGP0ACLK
                            (rising edge-triggered cell PS7 clocked by clk_fpga_0  {rise@0.000ns fall@10.000ns period=20.000ns})
  Destination:            design_pynq_i/axi_dma_0/U0/I_AXI_DMA_REG_MODULE/GEN_AXI_LITE_IF.AXI_LITE_IF_I/GEN_ASYNC_WRITE.REG_WADDR_TO_IPCLK1/GENERATE_LEVEL_P_S_CDC.MULTI_BIT.FOR_IN_cdc_to[0].CROSS2_PLEVEL_IN2SCNDRY_IN_cdc_to/D
                            (rising edge-triggered cell FDRE clocked by clk_fpga_0  {rise@0.000ns fall@10.000ns period=20.000ns})
  Path Group:             (none)
  Path Type:              Setup (Max at Slow Process Corner)
  Data Path Delay:        4.183ns  (logic 1.450ns (34.662%)  route 2.733ns (65.338%))
  Logic Levels:           0  
  Clock Path Skew:        -0.143ns (DCD - SCD + CPR)
    Destination Clock Delay (DCD):    2.888ns
    Source Clock Delay      (SCD):    3.031ns
    Clock Pessimism Removal (CPR):    0.000ns
  Clock Uncertainty:      0.302ns  ((TSJ^2 + TIJ^2)^1/2 + DJ) / 2 + PE
    Total System Jitter     (TSJ):    0.071ns
    Total Input Jitter      (TIJ):    0.600ns
    Discrete Jitter          (DJ):    0.000ns
    Phase Error              (PE):    0.000ns
  Timing Exception:       False Path

    Location             Delay type                Incr(ns)  Path(ns)    Netlist Resource(s)
  -------------------------------------------------------------------    -------------------
                         (clock clk_fpga_0 rise edge)
                                                      0.000     0.000 r  
    PS7_X0Y0             PS7                          0.000     0.000 r  design_pynq_i/processing_system7_0/inst/PS7_i/FCLKCLK[0]
                         net (fo=1, routed)           1.193     1.193    design_pynq_i/processing_system7_0/inst/FCLK_CLK_unbuffered[0]
    BUFGCTRL_X0Y16       BUFG (Prop_bufg_I_O)         0.101     1.294 r  design_pynq_i/processing_system7_0/inst/buffer_fclk_clk_0.FCLK_CLK_0_BUFG/O
                         net (fo=4034, routed)        1.737     3.031    design_pynq_i/processing_system7_0/inst/M_AXI_GP0_ACLK
    PS7_X0Y0             PS7                                          r  design_pynq_i/processing_system7_0/inst/PS7_i/MAXIGP0ACLK
  -------------------------------------------------------------------    -------------------
    PS7_X0Y0             PS7 (Prop_ps7_MAXIGP0ACLK_MAXIGP0WDATA[0])
                                                      1.450     4.481 r  design_pynq_i/processing_system7_0/inst/PS7_i/MAXIGP0WDATA[0]
                         net (fo=10, routed)          2.733     7.214    design_pynq_i/axi_dma_0/U0/I_AXI_DMA_REG_MODULE/GEN_AXI_LITE_IF.AXI_LITE_IF_I/GEN_ASYNC_WRITE.REG_WADDR_TO_IPCLK1/s_axi_lite_wdata[0]
    SLICE_X55Y108        FDRE                                         r  design_pynq_i/axi_dma_0/U0/I_AXI_DMA_REG_MODULE/GEN_AXI_LITE_IF.AXI_LITE_IF_I/GEN_ASYNC_WRITE.REG_WADDR_TO_IPCLK1/GENERATE_LEVEL_P_S_CDC.MULTI_BIT.FOR_IN_cdc_to[0].CROSS2_PLEVEL_IN2SCNDRY_IN_cdc_to/D
  -------------------------------------------------------------------    -------------------

                         (clock clk_fpga_0 rise edge)
                                                      0.000     0.000 r  
    PS7_X0Y0             PS7                          0.000     0.000 r  design_pynq_i/processing_system7_0/inst/PS7_i/FCLKCLK[0]
                         net (fo=1, routed)           1.088     1.088    design_pynq_i/processing_system7_0/inst/FCLK_CLK_unbuffered[0]
    BUFGCTRL_X0Y16       BUFG (Prop_bufg_I_O)         0.091     1.179 r  design_pynq_i/processing_system7_0/inst/buffer_fclk_clk_0.FCLK_CLK_0_BUFG/O
                         net (fo=4034, routed)        1.709     2.888    design_pynq_i/axi_dma_0/U0/I_AXI_DMA_REG_MODULE/GEN_AXI_LITE_IF.AXI_LITE_IF_I/GEN_ASYNC_WRITE.REG_WADDR_TO_IPCLK1/m_axi_sg_aclk
    SLICE_X55Y108        FDRE                                         r  design_pynq_i/axi_dma_0/U0/I_AXI_DMA_REG_MODULE/GEN_AXI_LITE_IF.AXI_LITE_IF_I/GEN_ASYNC_WRITE.REG_WADDR_TO_IPCLK1/GENERATE_LEVEL_P_S_CDC.MULTI_BIT.FOR_IN_cdc_to[0].CROSS2_PLEVEL_IN2SCNDRY_IN_cdc_to/C

Slack:                    inf
  Source:                 design_pynq_i/processing_system7_0/inst/PS7_i/MAXIGP0ACLK
                            (rising edge-triggered cell PS7 clocked by clk_fpga_0  {rise@0.000ns fall@10.000ns period=20.000ns})
  Destination:            design_pynq_i/axi_dma_0/U0/I_AXI_DMA_REG_MODULE/GEN_AXI_LITE_IF.AXI_LITE_IF_I/GEN_ASYNC_WRITE.REG_WADDR_TO_IPCLK1/GENERATE_LEVEL_P_S_CDC.MULTI_BIT.FOR_IN_cdc_to[22].CROSS2_PLEVEL_IN2SCNDRY_IN_cdc_to/D
                            (rising edge-triggered cell FDRE clocked by clk_fpga_0  {rise@0.000ns fall@10.000ns period=20.000ns})
  Path Group:             (none)
  Path Type:              Setup (Max at Slow Process Corner)
  Data Path Delay:        3.802ns  (logic 1.450ns (38.141%)  route 2.352ns (61.859%))
  Logic Levels:           0  
  Clock Path Skew:        -0.141ns (DCD - SCD + CPR)
    Destination Clock Delay (DCD):    2.890ns
    Source Clock Delay      (SCD):    3.031ns
    Clock Pessimism Removal (CPR):    0.000ns
  Clock Uncertainty:      0.302ns  ((TSJ^2 + TIJ^2)^1/2 + DJ) / 2 + PE
    Total System Jitter     (TSJ):    0.071ns
    Total Input Jitter      (TIJ):    0.600ns
    Discrete Jitter          (DJ):    0.000ns
    Phase Error              (PE):    0.000ns
  Timing Exception:       False Path

    Location             Delay type                Incr(ns)  Path(ns)    Netlist Resource(s)
  -------------------------------------------------------------------    -------------------
                         (clock clk_fpga_0 rise edge)
                                                      0.000     0.000 r  
    PS7_X0Y0             PS7                          0.000     0.000 r  design_pynq_i/processing_system7_0/inst/PS7_i/FCLKCLK[0]
                         net (fo=1, routed)           1.193     1.193    design_pynq_i/processing_system7_0/inst/FCLK_CLK_unbuffered[0]
    BUFGCTRL_X0Y16       BUFG (Prop_bufg_I_O)         0.101     1.294 r  design_pynq_i/processing_system7_0/inst/buffer_fclk_clk_0.FCLK_CLK_0_BUFG/O
                         net (fo=4034, routed)        1.737     3.031    design_pynq_i/processing_system7_0/inst/M_AXI_GP0_ACLK
    PS7_X0Y0             PS7                                          r  design_pynq_i/processing_system7_0/inst/PS7_i/MAXIGP0ACLK
  -------------------------------------------------------------------    -------------------
    PS7_X0Y0             PS7 (Prop_ps7_MAXIGP0ACLK_MAXIGP0WDATA[22])
                                                      1.450     4.481 r  design_pynq_i/processing_system7_0/inst/PS7_i/MAXIGP0WDATA[22]
                         net (fo=5, routed)           2.352     6.832    design_pynq_i/axi_dma_0/U0/I_AXI_DMA_REG_MODULE/GEN_AXI_LITE_IF.AXI_LITE_IF_I/GEN_ASYNC_WRITE.REG_WADDR_TO_IPCLK1/s_axi_lite_wdata[20]
    SLICE_X55Y100        FDRE                                         r  design_pynq_i/axi_dma_0/U0/I_AXI_DMA_REG_MODULE/GEN_AXI_LITE_IF.AXI_LITE_IF_I/GEN_ASYNC_WRITE.REG_WADDR_TO_IPCLK1/GENERATE_LEVEL_P_S_CDC.MULTI_BIT.FOR_IN_cdc_to[22].CROSS2_PLEVEL_IN2SCNDRY_IN_cdc_to/D
  -------------------------------------------------------------------    -------------------

                         (clock clk_fpga_0 rise edge)
                                                      0.000     0.000 r  
    PS7_X0Y0             PS7                          0.000     0.000 r  design_pynq_i/processing_system7_0/inst/PS7_i/FCLKCLK[0]
                         net (fo=1, routed)           1.088     1.088    design_pynq_i/processing_system7_0/inst/FCLK_CLK_unbuffered[0]
    BUFGCTRL_X0Y16       BUFG (Prop_bufg_I_O)         0.091     1.179 r  design_pynq_i/processing_system7_0/inst/buffer_fclk_clk_0.FCLK_CLK_0_BUFG/O
                         net (fo=4034, routed)        1.711     2.890    design_pynq_i/axi_dma_0/U0/I_AXI_DMA_REG_MODULE/GEN_AXI_LITE_IF.AXI_LITE_IF_I/GEN_ASYNC_WRITE.REG_WADDR_TO_IPCLK1/m_axi_sg_aclk
    SLICE_X55Y100        FDRE                                         r  design_pynq_i/axi_dma_0/U0/I_AXI_DMA_REG_MODULE/GEN_AXI_LITE_IF.AXI_LITE_IF_I/GEN_ASYNC_WRITE.REG_WADDR_TO_IPCLK1/GENERATE_LEVEL_P_S_CDC.MULTI_BIT.FOR_IN_cdc_to[22].CROSS2_PLEVEL_IN2SCNDRY_IN_cdc_to/C

Slack:                    inf
  Source:                 design_pynq_i/processing_system7_0/inst/PS7_i/MAXIGP0ACLK
                            (rising edge-triggered cell PS7 clocked by clk_fpga_0  {rise@0.000ns fall@10.000ns period=20.000ns})
  Destination:            design_pynq_i/axi_dma_0/U0/I_AXI_DMA_REG_MODULE/GEN_AXI_LITE_IF.AXI_LITE_IF_I/GEN_ASYNC_WRITE.REG_WADDR_TO_IPCLK1/GENERATE_LEVEL_P_S_CDC.MULTI_BIT.FOR_IN_cdc_to[2].CROSS2_PLEVEL_IN2SCNDRY_IN_cdc_to/D
                            (rising edge-triggered cell FDRE clocked by clk_fpga_0  {rise@0.000ns fall@10.000ns period=20.000ns})
  Path Group:             (none)
  Path Type:              Setup (Max at Slow Process Corner)
  Data Path Delay:        3.796ns  (logic 1.450ns (38.195%)  route 2.346ns (61.805%))
  Logic Levels:           0  
  Clock Path Skew:        -0.141ns (DCD - SCD + CPR)
    Destination Clock Delay (DCD):    2.890ns
    Source Clock Delay      (SCD):    3.031ns
    Clock Pessimism Removal (CPR):    0.000ns
  Clock Uncertainty:      0.302ns  ((TSJ^2 + TIJ^2)^1/2 + DJ) / 2 + PE
    Total System Jitter     (TSJ):    0.071ns
    Total Input Jitter      (TIJ):    0.600ns
    Discrete Jitter          (DJ):    0.000ns
    Phase Error              (PE):    0.000ns
  Timing Exception:       False Path

    Location             Delay type                Incr(ns)  Path(ns)    Netlist Resource(s)
  -------------------------------------------------------------------    -------------------
                         (clock clk_fpga_0 rise edge)
                                                      0.000     0.000 r  
    PS7_X0Y0             PS7                          0.000     0.000 r  design_pynq_i/processing_system7_0/inst/PS7_i/FCLKCLK[0]
                         net (fo=1, routed)           1.193     1.193    design_pynq_i/processing_system7_0/inst/FCLK_CLK_unbuffered[0]
    BUFGCTRL_X0Y16       BUFG (Prop_bufg_I_O)         0.101     1.294 r  design_pynq_i/processing_system7_0/inst/buffer_fclk_clk_0.FCLK_CLK_0_BUFG/O
                         net (fo=4034, routed)        1.737     3.031    design_pynq_i/processing_system7_0/inst/M_AXI_GP0_ACLK
    PS7_X0Y0             PS7                                          r  design_pynq_i/processing_system7_0/inst/PS7_i/MAXIGP0ACLK
  -------------------------------------------------------------------    -------------------
    PS7_X0Y0             PS7 (Prop_ps7_MAXIGP0ACLK_MAXIGP0WDATA[2])
                                                      1.450     4.481 r  design_pynq_i/processing_system7_0/inst/PS7_i/MAXIGP0WDATA[2]
                         net (fo=9, routed)           2.346     6.827    design_pynq_i/axi_dma_0/U0/I_AXI_DMA_REG_MODULE/GEN_AXI_LITE_IF.AXI_LITE_IF_I/GEN_ASYNC_WRITE.REG_WADDR_TO_IPCLK1/s_axi_lite_wdata[1]
    SLICE_X58Y106        FDRE                                         r  design_pynq_i/axi_dma_0/U0/I_AXI_DMA_REG_MODULE/GEN_AXI_LITE_IF.AXI_LITE_IF_I/GEN_ASYNC_WRITE.REG_WADDR_TO_IPCLK1/GENERATE_LEVEL_P_S_CDC.MULTI_BIT.FOR_IN_cdc_to[2].CROSS2_PLEVEL_IN2SCNDRY_IN_cdc_to/D
  -------------------------------------------------------------------    -------------------

                         (clock clk_fpga_0 rise edge)
                                                      0.000     0.000 r  
    PS7_X0Y0             PS7                          0.000     0.000 r  design_pynq_i/processing_system7_0/inst/PS7_i/FCLKCLK[0]
                         net (fo=1, routed)           1.088     1.088    design_pynq_i/processing_system7_0/inst/FCLK_CLK_unbuffered[0]
    BUFGCTRL_X0Y16       BUFG (Prop_bufg_I_O)         0.091     1.179 r  design_pynq_i/processing_system7_0/inst/buffer_fclk_clk_0.FCLK_CLK_0_BUFG/O
                         net (fo=4034, routed)        1.711     2.890    design_pynq_i/axi_dma_0/U0/I_AXI_DMA_REG_MODULE/GEN_AXI_LITE_IF.AXI_LITE_IF_I/GEN_ASYNC_WRITE.REG_WADDR_TO_IPCLK1/m_axi_sg_aclk
    SLICE_X58Y106        FDRE                                         r  design_pynq_i/axi_dma_0/U0/I_AXI_DMA_REG_MODULE/GEN_AXI_LITE_IF.AXI_LITE_IF_I/GEN_ASYNC_WRITE.REG_WADDR_TO_IPCLK1/GENERATE_LEVEL_P_S_CDC.MULTI_BIT.FOR_IN_cdc_to[2].CROSS2_PLEVEL_IN2SCNDRY_IN_cdc_to/C

Slack:                    inf
  Source:                 design_pynq_i/processing_system7_0/inst/PS7_i/MAXIGP0ACLK
                            (rising edge-triggered cell PS7 clocked by clk_fpga_0  {rise@0.000ns fall@10.000ns period=20.000ns})
  Destination:            design_pynq_i/axi_dma_0/U0/I_AXI_DMA_REG_MODULE/GEN_AXI_LITE_IF.AXI_LITE_IF_I/GEN_ASYNC_WRITE.REG_WADDR_TO_IPCLK1/GENERATE_LEVEL_P_S_CDC.MULTI_BIT.FOR_IN_cdc_to[7].CROSS2_PLEVEL_IN2SCNDRY_IN_cdc_to/D
                            (rising edge-triggered cell FDRE clocked by clk_fpga_0  {rise@0.000ns fall@10.000ns period=20.000ns})
  Path Group:             (none)
  Path Type:              Setup (Max at Slow Process Corner)
  Data Path Delay:        3.713ns  (logic 1.450ns (39.053%)  route 2.263ns (60.947%))
  Logic Levels:           0  
  Clock Path Skew:        -0.214ns (DCD - SCD + CPR)
    Destination Clock Delay (DCD):    2.817ns
    Source Clock Delay      (SCD):    3.031ns
    Clock Pessimism Removal (CPR):    0.000ns
  Clock Uncertainty:      0.302ns  ((TSJ^2 + TIJ^2)^1/2 + DJ) / 2 + PE
    Total System Jitter     (TSJ):    0.071ns
    Total Input Jitter      (TIJ):    0.600ns
    Discrete Jitter          (DJ):    0.000ns
    Phase Error              (PE):    0.000ns
  Timing Exception:       False Path

    Location             Delay type                Incr(ns)  Path(ns)    Netlist Resource(s)
  -------------------------------------------------------------------    -------------------
                         (clock clk_fpga_0 rise edge)
                                                      0.000     0.000 r  
    PS7_X0Y0             PS7                          0.000     0.000 r  design_pynq_i/processing_system7_0/inst/PS7_i/FCLKCLK[0]
                         net (fo=1, routed)           1.193     1.193    design_pynq_i/processing_system7_0/inst/FCLK_CLK_unbuffered[0]
    BUFGCTRL_X0Y16       BUFG (Prop_bufg_I_O)         0.101     1.294 r  design_pynq_i/processing_system7_0/inst/buffer_fclk_clk_0.FCLK_CLK_0_BUFG/O
                         net (fo=4034, routed)        1.737     3.031    design_pynq_i/processing_system7_0/inst/M_AXI_GP0_ACLK
    PS7_X0Y0             PS7                                          r  design_pynq_i/processing_system7_0/inst/PS7_i/MAXIGP0ACLK
  -------------------------------------------------------------------    -------------------
    PS7_X0Y0             PS7 (Prop_ps7_MAXIGP0ACLK_MAXIGP0WDATA[7])
                                                      1.450     4.481 r  design_pynq_i/processing_system7_0/inst/PS7_i/MAXIGP0WDATA[7]
                         net (fo=8, routed)           2.263     6.744    design_pynq_i/axi_dma_0/U0/I_AXI_DMA_REG_MODULE/GEN_AXI_LITE_IF.AXI_LITE_IF_I/GEN_ASYNC_WRITE.REG_WADDR_TO_IPCLK1/s_axi_lite_wdata[5]
    SLICE_X51Y110        FDRE                                         r  design_pynq_i/axi_dma_0/U0/I_AXI_DMA_REG_MODULE/GEN_AXI_LITE_IF.AXI_LITE_IF_I/GEN_ASYNC_WRITE.REG_WADDR_TO_IPCLK1/GENERATE_LEVEL_P_S_CDC.MULTI_BIT.FOR_IN_cdc_to[7].CROSS2_PLEVEL_IN2SCNDRY_IN_cdc_to/D
  -------------------------------------------------------------------    -------------------

                         (clock clk_fpga_0 rise edge)
                                                      0.000     0.000 r  
    PS7_X0Y0             PS7                          0.000     0.000 r  design_pynq_i/processing_system7_0/inst/PS7_i/FCLKCLK[0]
                         net (fo=1, routed)           1.088     1.088    design_pynq_i/processing_system7_0/inst/FCLK_CLK_unbuffered[0]
    BUFGCTRL_X0Y16       BUFG (Prop_bufg_I_O)         0.091     1.179 r  design_pynq_i/processing_system7_0/inst/buffer_fclk_clk_0.FCLK_CLK_0_BUFG/O
                         net (fo=4034, routed)        1.638     2.817    design_pynq_i/axi_dma_0/U0/I_AXI_DMA_REG_MODULE/GEN_AXI_LITE_IF.AXI_LITE_IF_I/GEN_ASYNC_WRITE.REG_WADDR_TO_IPCLK1/m_axi_sg_aclk
    SLICE_X51Y110        FDRE                                         r  design_pynq_i/axi_dma_0/U0/I_AXI_DMA_REG_MODULE/GEN_AXI_LITE_IF.AXI_LITE_IF_I/GEN_ASYNC_WRITE.REG_WADDR_TO_IPCLK1/GENERATE_LEVEL_P_S_CDC.MULTI_BIT.FOR_IN_cdc_to[7].CROSS2_PLEVEL_IN2SCNDRY_IN_cdc_to/C

Slack:                    inf
  Source:                 design_pynq_i/processing_system7_0/inst/PS7_i/MAXIGP0ACLK
                            (rising edge-triggered cell PS7 clocked by clk_fpga_0  {rise@0.000ns fall@10.000ns period=20.000ns})
  Destination:            design_pynq_i/axi_dma_0/U0/I_AXI_DMA_REG_MODULE/GEN_AXI_LITE_IF.AXI_LITE_IF_I/GEN_ASYNC_WRITE.REG_WADDR_TO_IPCLK1/GENERATE_LEVEL_P_S_CDC.MULTI_BIT.FOR_IN_cdc_to[12].CROSS2_PLEVEL_IN2SCNDRY_IN_cdc_to/D
                            (rising edge-triggered cell FDRE clocked by clk_fpga_0  {rise@0.000ns fall@10.000ns period=20.000ns})
  Path Group:             (none)
  Path Type:              Setup (Max at Slow Process Corner)
  Data Path Delay:        3.606ns  (logic 1.450ns (40.211%)  route 2.156ns (59.789%))
  Logic Levels:           0  
  Clock Path Skew:        -0.142ns (DCD - SCD + CPR)
    Destination Clock Delay (DCD):    2.889ns
    Source Clock Delay      (SCD):    3.031ns
    Clock Pessimism Removal (CPR):    0.000ns
  Clock Uncertainty:      0.302ns  ((TSJ^2 + TIJ^2)^1/2 + DJ) / 2 + PE
    Total System Jitter     (TSJ):    0.071ns
    Total Input Jitter      (TIJ):    0.600ns
    Discrete Jitter          (DJ):    0.000ns
    Phase Error              (PE):    0.000ns
  Timing Exception:       False Path

    Location             Delay type                Incr(ns)  Path(ns)    Netlist Resource(s)
  -------------------------------------------------------------------    -------------------
                         (clock clk_fpga_0 rise edge)
                                                      0.000     0.000 r  
    PS7_X0Y0             PS7                          0.000     0.000 r  design_pynq_i/processing_system7_0/inst/PS7_i/FCLKCLK[0]
                         net (fo=1, routed)           1.193     1.193    design_pynq_i/processing_system7_0/inst/FCLK_CLK_unbuffered[0]
    BUFGCTRL_X0Y16       BUFG (Prop_bufg_I_O)         0.101     1.294 r  design_pynq_i/processing_system7_0/inst/buffer_fclk_clk_0.FCLK_CLK_0_BUFG/O
                         net (fo=4034, routed)        1.737     3.031    design_pynq_i/processing_system7_0/inst/M_AXI_GP0_ACLK
    PS7_X0Y0             PS7                                          r  design_pynq_i/processing_system7_0/inst/PS7_i/MAXIGP0ACLK
  -------------------------------------------------------------------    -------------------
    PS7_X0Y0             PS7 (Prop_ps7_MAXIGP0ACLK_MAXIGP0WDATA[12])
                                                      1.450     4.481 r  design_pynq_i/processing_system7_0/inst/PS7_i/MAXIGP0WDATA[12]
                         net (fo=8, routed)           2.156     6.637    design_pynq_i/axi_dma_0/U0/I_AXI_DMA_REG_MODULE/GEN_AXI_LITE_IF.AXI_LITE_IF_I/GEN_ASYNC_WRITE.REG_WADDR_TO_IPCLK1/s_axi_lite_wdata[10]
    SLICE_X54Y106        FDRE                                         r  design_pynq_i/axi_dma_0/U0/I_AXI_DMA_REG_MODULE/GEN_AXI_LITE_IF.AXI_LITE_IF_I/GEN_ASYNC_WRITE.REG_WADDR_TO_IPCLK1/GENERATE_LEVEL_P_S_CDC.MULTI_BIT.FOR_IN_cdc_to[12].CROSS2_PLEVEL_IN2SCNDRY_IN_cdc_to/D
  -------------------------------------------------------------------    -------------------

                         (clock clk_fpga_0 rise edge)
                                                      0.000     0.000 r  
    PS7_X0Y0             PS7                          0.000     0.000 r  design_pynq_i/processing_system7_0/inst/PS7_i/FCLKCLK[0]
                         net (fo=1, routed)           1.088     1.088    design_pynq_i/processing_system7_0/inst/FCLK_CLK_unbuffered[0]
    BUFGCTRL_X0Y16       BUFG (Prop_bufg_I_O)         0.091     1.179 r  design_pynq_i/processing_system7_0/inst/buffer_fclk_clk_0.FCLK_CLK_0_BUFG/O
                         net (fo=4034, routed)        1.710     2.889    design_pynq_i/axi_dma_0/U0/I_AXI_DMA_REG_MODULE/GEN_AXI_LITE_IF.AXI_LITE_IF_I/GEN_ASYNC_WRITE.REG_WADDR_TO_IPCLK1/m_axi_sg_aclk
    SLICE_X54Y106        FDRE                                         r  design_pynq_i/axi_dma_0/U0/I_AXI_DMA_REG_MODULE/GEN_AXI_LITE_IF.AXI_LITE_IF_I/GEN_ASYNC_WRITE.REG_WADDR_TO_IPCLK1/GENERATE_LEVEL_P_S_CDC.MULTI_BIT.FOR_IN_cdc_to[12].CROSS2_PLEVEL_IN2SCNDRY_IN_cdc_to/C

Slack:                    inf
  Source:                 design_pynq_i/processing_system7_0/inst/PS7_i/MAXIGP0ACLK
                            (rising edge-triggered cell PS7 clocked by clk_fpga_0  {rise@0.000ns fall@10.000ns period=20.000ns})
  Destination:            design_pynq_i/axi_dma_0/U0/I_AXI_DMA_REG_MODULE/GEN_AXI_LITE_IF.AXI_LITE_IF_I/GEN_ASYNC_WRITE.REG_WADDR_TO_IPCLK1/GENERATE_LEVEL_P_S_CDC.MULTI_BIT.FOR_IN_cdc_to[17].CROSS2_PLEVEL_IN2SCNDRY_IN_cdc_to/D
                            (rising edge-triggered cell FDRE clocked by clk_fpga_0  {rise@0.000ns fall@10.000ns period=20.000ns})
  Path Group:             (none)
  Path Type:              Setup (Max at Slow Process Corner)
  Data Path Delay:        3.579ns  (logic 1.450ns (40.516%)  route 2.129ns (59.484%))
  Logic Levels:           0  
  Clock Path Skew:        -0.141ns (DCD - SCD + CPR)
    Destination Clock Delay (DCD):    2.890ns
    Source Clock Delay      (SCD):    3.031ns
    Clock Pessimism Removal (CPR):    0.000ns
  Clock Uncertainty:      0.302ns  ((TSJ^2 + TIJ^2)^1/2 + DJ) / 2 + PE
    Total System Jitter     (TSJ):    0.071ns
    Total Input Jitter      (TIJ):    0.600ns
    Discrete Jitter          (DJ):    0.000ns
    Phase Error              (PE):    0.000ns
  Timing Exception:       False Path

    Location             Delay type                Incr(ns)  Path(ns)    Netlist Resource(s)
  -------------------------------------------------------------------    -------------------
                         (clock clk_fpga_0 rise edge)
                                                      0.000     0.000 r  
    PS7_X0Y0             PS7                          0.000     0.000 r  design_pynq_i/processing_system7_0/inst/PS7_i/FCLKCLK[0]
                         net (fo=1, routed)           1.193     1.193    design_pynq_i/processing_system7_0/inst/FCLK_CLK_unbuffered[0]
    BUFGCTRL_X0Y16       BUFG (Prop_bufg_I_O)         0.101     1.294 r  design_pynq_i/processing_system7_0/inst/buffer_fclk_clk_0.FCLK_CLK_0_BUFG/O
                         net (fo=4034, routed)        1.737     3.031    design_pynq_i/processing_system7_0/inst/M_AXI_GP0_ACLK
    PS7_X0Y0             PS7                                          r  design_pynq_i/processing_system7_0/inst/PS7_i/MAXIGP0ACLK
  -------------------------------------------------------------------    -------------------
    PS7_X0Y0             PS7 (Prop_ps7_MAXIGP0ACLK_MAXIGP0WDATA[17])
                                                      1.450     4.481 r  design_pynq_i/processing_system7_0/inst/PS7_i/MAXIGP0WDATA[17]
                         net (fo=5, routed)           2.129     6.610    design_pynq_i/axi_dma_0/U0/I_AXI_DMA_REG_MODULE/GEN_AXI_LITE_IF.AXI_LITE_IF_I/GEN_ASYNC_WRITE.REG_WADDR_TO_IPCLK1/s_axi_lite_wdata[15]
    SLICE_X54Y100        FDRE                                         r  design_pynq_i/axi_dma_0/U0/I_AXI_DMA_REG_MODULE/GEN_AXI_LITE_IF.AXI_LITE_IF_I/GEN_ASYNC_WRITE.REG_WADDR_TO_IPCLK1/GENERATE_LEVEL_P_S_CDC.MULTI_BIT.FOR_IN_cdc_to[17].CROSS2_PLEVEL_IN2SCNDRY_IN_cdc_to/D
  -------------------------------------------------------------------    -------------------

                         (clock clk_fpga_0 rise edge)
                                                      0.000     0.000 r  
    PS7_X0Y0             PS7                          0.000     0.000 r  design_pynq_i/processing_system7_0/inst/PS7_i/FCLKCLK[0]
                         net (fo=1, routed)           1.088     1.088    design_pynq_i/processing_system7_0/inst/FCLK_CLK_unbuffered[0]
    BUFGCTRL_X0Y16       BUFG (Prop_bufg_I_O)         0.091     1.179 r  design_pynq_i/processing_system7_0/inst/buffer_fclk_clk_0.FCLK_CLK_0_BUFG/O
                         net (fo=4034, routed)        1.711     2.890    design_pynq_i/axi_dma_0/U0/I_AXI_DMA_REG_MODULE/GEN_AXI_LITE_IF.AXI_LITE_IF_I/GEN_ASYNC_WRITE.REG_WADDR_TO_IPCLK1/m_axi_sg_aclk
    SLICE_X54Y100        FDRE                                         r  design_pynq_i/axi_dma_0/U0/I_AXI_DMA_REG_MODULE/GEN_AXI_LITE_IF.AXI_LITE_IF_I/GEN_ASYNC_WRITE.REG_WADDR_TO_IPCLK1/GENERATE_LEVEL_P_S_CDC.MULTI_BIT.FOR_IN_cdc_to[17].CROSS2_PLEVEL_IN2SCNDRY_IN_cdc_to/C

Slack:                    inf
  Source:                 design_pynq_i/processing_system7_0/inst/PS7_i/MAXIGP0ACLK
                            (rising edge-triggered cell PS7 clocked by clk_fpga_0  {rise@0.000ns fall@10.000ns period=20.000ns})
  Destination:            design_pynq_i/axi_dma_0/U0/I_AXI_DMA_REG_MODULE/GEN_AXI_LITE_IF.AXI_LITE_IF_I/GEN_ASYNC_WRITE.REG_WADDR_TO_IPCLK1/GENERATE_LEVEL_P_S_CDC.MULTI_BIT.FOR_IN_cdc_to[6].CROSS2_PLEVEL_IN2SCNDRY_IN_cdc_to/D
                            (rising edge-triggered cell FDRE clocked by clk_fpga_0  {rise@0.000ns fall@10.000ns period=20.000ns})
  Path Group:             (none)
  Path Type:              Setup (Max at Slow Process Corner)
  Data Path Delay:        3.540ns  (logic 1.450ns (40.961%)  route 2.090ns (59.039%))
  Logic Levels:           0  
  Clock Path Skew:        -0.202ns (DCD - SCD + CPR)
    Destination Clock Delay (DCD):    2.829ns
    Source Clock Delay      (SCD):    3.031ns
    Clock Pessimism Removal (CPR):    0.000ns
  Clock Uncertainty:      0.302ns  ((TSJ^2 + TIJ^2)^1/2 + DJ) / 2 + PE
    Total System Jitter     (TSJ):    0.071ns
    Total Input Jitter      (TIJ):    0.600ns
    Discrete Jitter          (DJ):    0.000ns
    Phase Error              (PE):    0.000ns
  Timing Exception:       False Path

    Location             Delay type                Incr(ns)  Path(ns)    Netlist Resource(s)
  -------------------------------------------------------------------    -------------------
                         (clock clk_fpga_0 rise edge)
                                                      0.000     0.000 r  
    PS7_X0Y0             PS7                          0.000     0.000 r  design_pynq_i/processing_system7_0/inst/PS7_i/FCLKCLK[0]
                         net (fo=1, routed)           1.193     1.193    design_pynq_i/processing_system7_0/inst/FCLK_CLK_unbuffered[0]
    BUFGCTRL_X0Y16       BUFG (Prop_bufg_I_O)         0.101     1.294 r  design_pynq_i/processing_system7_0/inst/buffer_fclk_clk_0.FCLK_CLK_0_BUFG/O
                         net (fo=4034, routed)        1.737     3.031    design_pynq_i/processing_system7_0/inst/M_AXI_GP0_ACLK
    PS7_X0Y0             PS7                                          r  design_pynq_i/processing_system7_0/inst/PS7_i/MAXIGP0ACLK
  -------------------------------------------------------------------    -------------------
    PS7_X0Y0             PS7 (Prop_ps7_MAXIGP0ACLK_MAXIGP0WDATA[6])
                                                      1.450     4.481 r  design_pynq_i/processing_system7_0/inst/PS7_i/MAXIGP0WDATA[6]
                         net (fo=8, routed)           2.090     6.571    design_pynq_i/axi_dma_0/U0/I_AXI_DMA_REG_MODULE/GEN_AXI_LITE_IF.AXI_LITE_IF_I/GEN_ASYNC_WRITE.REG_WADDR_TO_IPCLK1/s_axi_lite_wdata[4]
    SLICE_X47Y109        FDRE                                         r  design_pynq_i/axi_dma_0/U0/I_AXI_DMA_REG_MODULE/GEN_AXI_LITE_IF.AXI_LITE_IF_I/GEN_ASYNC_WRITE.REG_WADDR_TO_IPCLK1/GENERATE_LEVEL_P_S_CDC.MULTI_BIT.FOR_IN_cdc_to[6].CROSS2_PLEVEL_IN2SCNDRY_IN_cdc_to/D
  -------------------------------------------------------------------    -------------------

                         (clock clk_fpga_0 rise edge)
                                                      0.000     0.000 r  
    PS7_X0Y0             PS7                          0.000     0.000 r  design_pynq_i/processing_system7_0/inst/PS7_i/FCLKCLK[0]
                         net (fo=1, routed)           1.088     1.088    design_pynq_i/processing_system7_0/inst/FCLK_CLK_unbuffered[0]
    BUFGCTRL_X0Y16       BUFG (Prop_bufg_I_O)         0.091     1.179 r  design_pynq_i/processing_system7_0/inst/buffer_fclk_clk_0.FCLK_CLK_0_BUFG/O
                         net (fo=4034, routed)        1.650     2.829    design_pynq_i/axi_dma_0/U0/I_AXI_DMA_REG_MODULE/GEN_AXI_LITE_IF.AXI_LITE_IF_I/GEN_ASYNC_WRITE.REG_WADDR_TO_IPCLK1/m_axi_sg_aclk
    SLICE_X47Y109        FDRE                                         r  design_pynq_i/axi_dma_0/U0/I_AXI_DMA_REG_MODULE/GEN_AXI_LITE_IF.AXI_LITE_IF_I/GEN_ASYNC_WRITE.REG_WADDR_TO_IPCLK1/GENERATE_LEVEL_P_S_CDC.MULTI_BIT.FOR_IN_cdc_to[6].CROSS2_PLEVEL_IN2SCNDRY_IN_cdc_to/C

Slack:                    inf
  Source:                 design_pynq_i/processing_system7_0/inst/PS7_i/MAXIGP0ACLK
                            (rising edge-triggered cell PS7 clocked by clk_fpga_0  {rise@0.000ns fall@10.000ns period=20.000ns})
  Destination:            design_pynq_i/axi_dma_0/U0/I_AXI_DMA_REG_MODULE/GEN_AXI_LITE_IF.AXI_LITE_IF_I/GEN_ASYNC_WRITE.REG_WADDR_TO_IPCLK1/GENERATE_LEVEL_P_S_CDC.MULTI_BIT.FOR_IN_cdc_to[19].CROSS2_PLEVEL_IN2SCNDRY_IN_cdc_to/D
                            (rising edge-triggered cell FDRE clocked by clk_fpga_0  {rise@0.000ns fall@10.000ns period=20.000ns})
  Path Group:             (none)
  Path Type:              Setup (Max at Slow Process Corner)
  Data Path Delay:        3.518ns  (logic 1.450ns (41.219%)  route 2.068ns (58.781%))
  Logic Levels:           0  
  Clock Path Skew:        -0.141ns (DCD - SCD + CPR)
    Destination Clock Delay (DCD):    2.890ns
    Source Clock Delay      (SCD):    3.031ns
    Clock Pessimism Removal (CPR):    0.000ns
  Clock Uncertainty:      0.302ns  ((TSJ^2 + TIJ^2)^1/2 + DJ) / 2 + PE
    Total System Jitter     (TSJ):    0.071ns
    Total Input Jitter      (TIJ):    0.600ns
    Discrete Jitter          (DJ):    0.000ns
    Phase Error              (PE):    0.000ns
  Timing Exception:       False Path

    Location             Delay type                Incr(ns)  Path(ns)    Netlist Resource(s)
  -------------------------------------------------------------------    -------------------
                         (clock clk_fpga_0 rise edge)
                                                      0.000     0.000 r  
    PS7_X0Y0             PS7                          0.000     0.000 r  design_pynq_i/processing_system7_0/inst/PS7_i/FCLKCLK[0]
                         net (fo=1, routed)           1.193     1.193    design_pynq_i/processing_system7_0/inst/FCLK_CLK_unbuffered[0]
    BUFGCTRL_X0Y16       BUFG (Prop_bufg_I_O)         0.101     1.294 r  design_pynq_i/processing_system7_0/inst/buffer_fclk_clk_0.FCLK_CLK_0_BUFG/O
                         net (fo=4034, routed)        1.737     3.031    design_pynq_i/processing_system7_0/inst/M_AXI_GP0_ACLK
    PS7_X0Y0             PS7                                          r  design_pynq_i/processing_system7_0/inst/PS7_i/MAXIGP0ACLK
  -------------------------------------------------------------------    -------------------
    PS7_X0Y0             PS7 (Prop_ps7_MAXIGP0ACLK_MAXIGP0WDATA[19])
                                                      1.450     4.481 r  design_pynq_i/processing_system7_0/inst/PS7_i/MAXIGP0WDATA[19]
                         net (fo=5, routed)           2.068     6.549    design_pynq_i/axi_dma_0/U0/I_AXI_DMA_REG_MODULE/GEN_AXI_LITE_IF.AXI_LITE_IF_I/GEN_ASYNC_WRITE.REG_WADDR_TO_IPCLK1/s_axi_lite_wdata[17]
    SLICE_X54Y100        FDRE                                         r  design_pynq_i/axi_dma_0/U0/I_AXI_DMA_REG_MODULE/GEN_AXI_LITE_IF.AXI_LITE_IF_I/GEN_ASYNC_WRITE.REG_WADDR_TO_IPCLK1/GENERATE_LEVEL_P_S_CDC.MULTI_BIT.FOR_IN_cdc_to[19].CROSS2_PLEVEL_IN2SCNDRY_IN_cdc_to/D
  -------------------------------------------------------------------    -------------------

                         (clock clk_fpga_0 rise edge)
                                                      0.000     0.000 r  
    PS7_X0Y0             PS7                          0.000     0.000 r  design_pynq_i/processing_system7_0/inst/PS7_i/FCLKCLK[0]
                         net (fo=1, routed)           1.088     1.088    design_pynq_i/processing_system7_0/inst/FCLK_CLK_unbuffered[0]
    BUFGCTRL_X0Y16       BUFG (Prop_bufg_I_O)         0.091     1.179 r  design_pynq_i/processing_system7_0/inst/buffer_fclk_clk_0.FCLK_CLK_0_BUFG/O
                         net (fo=4034, routed)        1.711     2.890    design_pynq_i/axi_dma_0/U0/I_AXI_DMA_REG_MODULE/GEN_AXI_LITE_IF.AXI_LITE_IF_I/GEN_ASYNC_WRITE.REG_WADDR_TO_IPCLK1/m_axi_sg_aclk
    SLICE_X54Y100        FDRE                                         r  design_pynq_i/axi_dma_0/U0/I_AXI_DMA_REG_MODULE/GEN_AXI_LITE_IF.AXI_LITE_IF_I/GEN_ASYNC_WRITE.REG_WADDR_TO_IPCLK1/GENERATE_LEVEL_P_S_CDC.MULTI_BIT.FOR_IN_cdc_to[19].CROSS2_PLEVEL_IN2SCNDRY_IN_cdc_to/C

Slack:                    inf
  Source:                 design_pynq_i/processing_system7_0/inst/PS7_i/MAXIGP0ACLK
                            (rising edge-triggered cell PS7 clocked by clk_fpga_0  {rise@0.000ns fall@10.000ns period=20.000ns})
  Destination:            design_pynq_i/axi_dma_0/U0/I_AXI_DMA_REG_MODULE/GEN_AXI_LITE_IF.AXI_LITE_IF_I/GEN_ASYNC_WRITE.REG_WADDR_TO_IPCLK1/GENERATE_LEVEL_P_S_CDC.MULTI_BIT.FOR_IN_cdc_to[16].CROSS2_PLEVEL_IN2SCNDRY_IN_cdc_to/D
                            (rising edge-triggered cell FDRE clocked by clk_fpga_0  {rise@0.000ns fall@10.000ns period=20.000ns})
  Path Group:             (none)
  Path Type:              Setup (Max at Slow Process Corner)
  Data Path Delay:        3.422ns  (logic 1.450ns (42.379%)  route 1.972ns (57.621%))
  Logic Levels:           0  
  Clock Path Skew:        -0.141ns (DCD - SCD + CPR)
    Destination Clock Delay (DCD):    2.890ns
    Source Clock Delay      (SCD):    3.031ns
    Clock Pessimism Removal (CPR):    0.000ns
  Clock Uncertainty:      0.302ns  ((TSJ^2 + TIJ^2)^1/2 + DJ) / 2 + PE
    Total System Jitter     (TSJ):    0.071ns
    Total Input Jitter      (TIJ):    0.600ns
    Discrete Jitter          (DJ):    0.000ns
    Phase Error              (PE):    0.000ns
  Timing Exception:       False Path

    Location             Delay type                Incr(ns)  Path(ns)    Netlist Resource(s)
  -------------------------------------------------------------------    -------------------
                         (clock clk_fpga_0 rise edge)
                                                      0.000     0.000 r  
    PS7_X0Y0             PS7                          0.000     0.000 r  design_pynq_i/processing_system7_0/inst/PS7_i/FCLKCLK[0]
                         net (fo=1, routed)           1.193     1.193    design_pynq_i/processing_system7_0/inst/FCLK_CLK_unbuffered[0]
    BUFGCTRL_X0Y16       BUFG (Prop_bufg_I_O)         0.101     1.294 r  design_pynq_i/processing_system7_0/inst/buffer_fclk_clk_0.FCLK_CLK_0_BUFG/O
                         net (fo=4034, routed)        1.737     3.031    design_pynq_i/processing_system7_0/inst/M_AXI_GP0_ACLK
    PS7_X0Y0             PS7                                          r  design_pynq_i/processing_system7_0/inst/PS7_i/MAXIGP0ACLK
  -------------------------------------------------------------------    -------------------
    PS7_X0Y0             PS7 (Prop_ps7_MAXIGP0ACLK_MAXIGP0WDATA[16])
                                                      1.450     4.481 r  design_pynq_i/processing_system7_0/inst/PS7_i/MAXIGP0WDATA[16]
                         net (fo=7, routed)           1.972     6.452    design_pynq_i/axi_dma_0/U0/I_AXI_DMA_REG_MODULE/GEN_AXI_LITE_IF.AXI_LITE_IF_I/GEN_ASYNC_WRITE.REG_WADDR_TO_IPCLK1/s_axi_lite_wdata[14]
    SLICE_X54Y102        FDRE                                         r  design_pynq_i/axi_dma_0/U0/I_AXI_DMA_REG_MODULE/GEN_AXI_LITE_IF.AXI_LITE_IF_I/GEN_ASYNC_WRITE.REG_WADDR_TO_IPCLK1/GENERATE_LEVEL_P_S_CDC.MULTI_BIT.FOR_IN_cdc_to[16].CROSS2_PLEVEL_IN2SCNDRY_IN_cdc_to/D
  -------------------------------------------------------------------    -------------------

                         (clock clk_fpga_0 rise edge)
                                                      0.000     0.000 r  
    PS7_X0Y0             PS7                          0.000     0.000 r  design_pynq_i/processing_system7_0/inst/PS7_i/FCLKCLK[0]
                         net (fo=1, routed)           1.088     1.088    design_pynq_i/processing_system7_0/inst/FCLK_CLK_unbuffered[0]
    BUFGCTRL_X0Y16       BUFG (Prop_bufg_I_O)         0.091     1.179 r  design_pynq_i/processing_system7_0/inst/buffer_fclk_clk_0.FCLK_CLK_0_BUFG/O
                         net (fo=4034, routed)        1.711     2.890    design_pynq_i/axi_dma_0/U0/I_AXI_DMA_REG_MODULE/GEN_AXI_LITE_IF.AXI_LITE_IF_I/GEN_ASYNC_WRITE.REG_WADDR_TO_IPCLK1/m_axi_sg_aclk
    SLICE_X54Y102        FDRE                                         r  design_pynq_i/axi_dma_0/U0/I_AXI_DMA_REG_MODULE/GEN_AXI_LITE_IF.AXI_LITE_IF_I/GEN_ASYNC_WRITE.REG_WADDR_TO_IPCLK1/GENERATE_LEVEL_P_S_CDC.MULTI_BIT.FOR_IN_cdc_to[16].CROSS2_PLEVEL_IN2SCNDRY_IN_cdc_to/C

Slack:                    inf
  Source:                 design_pynq_i/processing_system7_0/inst/PS7_i/MAXIGP0ACLK
                            (rising edge-triggered cell PS7 clocked by clk_fpga_0  {rise@0.000ns fall@10.000ns period=20.000ns})
  Destination:            design_pynq_i/axi_dma_0/U0/I_AXI_DMA_REG_MODULE/GEN_AXI_LITE_IF.AXI_LITE_IF_I/GEN_ASYNC_WRITE.REG_WADDR_TO_IPCLK1/GENERATE_LEVEL_P_S_CDC.MULTI_BIT.FOR_IN_cdc_to[13].CROSS2_PLEVEL_IN2SCNDRY_IN_cdc_to/D
                            (rising edge-triggered cell FDRE clocked by clk_fpga_0  {rise@0.000ns fall@10.000ns period=20.000ns})
  Path Group:             (none)
  Path Type:              Setup (Max at Slow Process Corner)
  Data Path Delay:        3.383ns  (logic 1.450ns (42.866%)  route 1.933ns (57.134%))
  Logic Levels:           0  
  Clock Path Skew:        -0.212ns (DCD - SCD + CPR)
    Destination Clock Delay (DCD):    2.819ns
    Source Clock Delay      (SCD):    3.031ns
    Clock Pessimism Removal (CPR):    0.000ns
  Clock Uncertainty:      0.302ns  ((TSJ^2 + TIJ^2)^1/2 + DJ) / 2 + PE
    Total System Jitter     (TSJ):    0.071ns
    Total Input Jitter      (TIJ):    0.600ns
    Discrete Jitter          (DJ):    0.000ns
    Phase Error              (PE):    0.000ns
  Timing Exception:       False Path

    Location             Delay type                Incr(ns)  Path(ns)    Netlist Resource(s)
  -------------------------------------------------------------------    -------------------
                         (clock clk_fpga_0 rise edge)
                                                      0.000     0.000 r  
    PS7_X0Y0             PS7                          0.000     0.000 r  design_pynq_i/processing_system7_0/inst/PS7_i/FCLKCLK[0]
                         net (fo=1, routed)           1.193     1.193    design_pynq_i/processing_system7_0/inst/FCLK_CLK_unbuffered[0]
    BUFGCTRL_X0Y16       BUFG (Prop_bufg_I_O)         0.101     1.294 r  design_pynq_i/processing_system7_0/inst/buffer_fclk_clk_0.FCLK_CLK_0_BUFG/O
                         net (fo=4034, routed)        1.737     3.031    design_pynq_i/processing_system7_0/inst/M_AXI_GP0_ACLK
    PS7_X0Y0             PS7                                          r  design_pynq_i/processing_system7_0/inst/PS7_i/MAXIGP0ACLK
  -------------------------------------------------------------------    -------------------
    PS7_X0Y0             PS7 (Prop_ps7_MAXIGP0ACLK_MAXIGP0WDATA[13])
                                                      1.450     4.481 r  design_pynq_i/processing_system7_0/inst/PS7_i/MAXIGP0WDATA[13]
                         net (fo=8, routed)           1.933     6.413    design_pynq_i/axi_dma_0/U0/I_AXI_DMA_REG_MODULE/GEN_AXI_LITE_IF.AXI_LITE_IF_I/GEN_ASYNC_WRITE.REG_WADDR_TO_IPCLK1/s_axi_lite_wdata[11]
    SLICE_X50Y106        FDRE                                         r  design_pynq_i/axi_dma_0/U0/I_AXI_DMA_REG_MODULE/GEN_AXI_LITE_IF.AXI_LITE_IF_I/GEN_ASYNC_WRITE.REG_WADDR_TO_IPCLK1/GENERATE_LEVEL_P_S_CDC.MULTI_BIT.FOR_IN_cdc_to[13].CROSS2_PLEVEL_IN2SCNDRY_IN_cdc_to/D
  -------------------------------------------------------------------    -------------------

                         (clock clk_fpga_0 rise edge)
                                                      0.000     0.000 r  
    PS7_X0Y0             PS7                          0.000     0.000 r  design_pynq_i/processing_system7_0/inst/PS7_i/FCLKCLK[0]
                         net (fo=1, routed)           1.088     1.088    design_pynq_i/processing_system7_0/inst/FCLK_CLK_unbuffered[0]
    BUFGCTRL_X0Y16       BUFG (Prop_bufg_I_O)         0.091     1.179 r  design_pynq_i/processing_system7_0/inst/buffer_fclk_clk_0.FCLK_CLK_0_BUFG/O
                         net (fo=4034, routed)        1.640     2.819    design_pynq_i/axi_dma_0/U0/I_AXI_DMA_REG_MODULE/GEN_AXI_LITE_IF.AXI_LITE_IF_I/GEN_ASYNC_WRITE.REG_WADDR_TO_IPCLK1/m_axi_sg_aclk
    SLICE_X50Y106        FDRE                                         r  design_pynq_i/axi_dma_0/U0/I_AXI_DMA_REG_MODULE/GEN_AXI_LITE_IF.AXI_LITE_IF_I/GEN_ASYNC_WRITE.REG_WADDR_TO_IPCLK1/GENERATE_LEVEL_P_S_CDC.MULTI_BIT.FOR_IN_cdc_to[13].CROSS2_PLEVEL_IN2SCNDRY_IN_cdc_to/C





Min Delay Paths
--------------------------------------------------------------------------------------
Slack:                    inf
  Source:                 design_pynq_i/axi_dma_0/U0/I_AXI_DMA_REG_MODULE/GEN_AXI_LITE_IF.AXI_LITE_IF_I/GEN_ASYNC_READ.lite_rdata_cdc_from_reg[7]/C
                            (rising edge-triggered cell FDRE clocked by clk_fpga_0  {rise@0.000ns fall@10.000ns period=20.000ns})
  Destination:            design_pynq_i/axi_dma_0/U0/I_AXI_DMA_REG_MODULE/GEN_AXI_LITE_IF.AXI_LITE_IF_I/GEN_ASYNC_READ.REG_DATA2LITE_CLOCK/GENERATE_LEVEL_P_S_CDC.MULTI_BIT.FOR_IN_cdc_to[7].CROSS2_PLEVEL_IN2SCNDRY_IN_cdc_to/D
                            (rising edge-triggered cell FDRE clocked by clk_fpga_0  {rise@0.000ns fall@10.000ns period=20.000ns})
  Path Group:             (none)
  Path Type:              Hold (Min at Fast Process Corner)
  Data Path Delay:        0.238ns  (logic 0.128ns (53.830%)  route 0.110ns (46.170%))
  Logic Levels:           0  
  Clock Path Skew:        0.298ns (DCD - SCD - CPR)
    Destination Clock Delay (DCD):    1.187ns
    Source Clock Delay      (SCD):    0.889ns
    Clock Pessimism Removal (CPR):    -0.000ns
  Clock Uncertainty:      0.302ns  ((TSJ^2 + TIJ^2)^1/2 + DJ) / 2 + PE
    Total System Jitter     (TSJ):    0.071ns
    Total Input Jitter      (TIJ):    0.600ns
    Discrete Jitter          (DJ):    0.000ns
    Phase Error              (PE):    0.000ns
  Timing Exception:       False Path

    Location             Delay type                Incr(ns)  Path(ns)    Netlist Resource(s)
  -------------------------------------------------------------------    -------------------
                         (clock clk_fpga_0 rise edge)
                                                      0.000     0.000 r  
    PS7_X0Y0             PS7                          0.000     0.000 r  design_pynq_i/processing_system7_0/inst/PS7_i/FCLKCLK[0]
                         net (fo=1, routed)           0.310     0.310    design_pynq_i/processing_system7_0/inst/FCLK_CLK_unbuffered[0]
    BUFGCTRL_X0Y16       BUFG (Prop_bufg_I_O)         0.026     0.336 r  design_pynq_i/processing_system7_0/inst/buffer_fclk_clk_0.FCLK_CLK_0_BUFG/O
                         net (fo=4034, routed)        0.553     0.889    design_pynq_i/axi_dma_0/U0/I_AXI_DMA_REG_MODULE/GEN_AXI_LITE_IF.AXI_LITE_IF_I/m_axi_sg_aclk
    SLICE_X51Y98         FDRE                                         r  design_pynq_i/axi_dma_0/U0/I_AXI_DMA_REG_MODULE/GEN_AXI_LITE_IF.AXI_LITE_IF_I/GEN_ASYNC_READ.lite_rdata_cdc_from_reg[7]/C
  -------------------------------------------------------------------    -------------------
    SLICE_X51Y98         FDRE (Prop_fdre_C_Q)         0.128     1.017 r  design_pynq_i/axi_dma_0/U0/I_AXI_DMA_REG_MODULE/GEN_AXI_LITE_IF.AXI_LITE_IF_I/GEN_ASYNC_READ.lite_rdata_cdc_from_reg[7]/Q
                         net (fo=1, routed)           0.110     1.126    design_pynq_i/axi_dma_0/U0/I_AXI_DMA_REG_MODULE/GEN_AXI_LITE_IF.AXI_LITE_IF_I/GEN_ASYNC_READ.REG_DATA2LITE_CLOCK/prmry_vect_in[7]
    SLICE_X51Y99         FDRE                                         r  design_pynq_i/axi_dma_0/U0/I_AXI_DMA_REG_MODULE/GEN_AXI_LITE_IF.AXI_LITE_IF_I/GEN_ASYNC_READ.REG_DATA2LITE_CLOCK/GENERATE_LEVEL_P_S_CDC.MULTI_BIT.FOR_IN_cdc_to[7].CROSS2_PLEVEL_IN2SCNDRY_IN_cdc_to/D
  -------------------------------------------------------------------    -------------------

                         (clock clk_fpga_0 rise edge)
                                                      0.000     0.000 r  
    PS7_X0Y0             PS7                          0.000     0.000 r  design_pynq_i/processing_system7_0/inst/PS7_i/FCLKCLK[0]
                         net (fo=1, routed)           0.337     0.337    design_pynq_i/processing_system7_0/inst/FCLK_CLK_unbuffered[0]
    BUFGCTRL_X0Y16       BUFG (Prop_bufg_I_O)         0.029     0.366 r  design_pynq_i/processing_system7_0/inst/buffer_fclk_clk_0.FCLK_CLK_0_BUFG/O
                         net (fo=4034, routed)        0.821     1.187    design_pynq_i/axi_dma_0/U0/I_AXI_DMA_REG_MODULE/GEN_AXI_LITE_IF.AXI_LITE_IF_I/GEN_ASYNC_READ.REG_DATA2LITE_CLOCK/s_axi_lite_aclk
    SLICE_X51Y99         FDRE                                         r  design_pynq_i/axi_dma_0/U0/I_AXI_DMA_REG_MODULE/GEN_AXI_LITE_IF.AXI_LITE_IF_I/GEN_ASYNC_READ.REG_DATA2LITE_CLOCK/GENERATE_LEVEL_P_S_CDC.MULTI_BIT.FOR_IN_cdc_to[7].CROSS2_PLEVEL_IN2SCNDRY_IN_cdc_to/C

Slack:                    inf
  Source:                 design_pynq_i/axi_dma_0/U0/I_AXI_DMA_REG_MODULE/GEN_AXI_LITE_IF.AXI_LITE_IF_I/GEN_ASYNC_READ.lite_rdata_cdc_from_reg[0]/C
                            (rising edge-triggered cell FDRE clocked by clk_fpga_0  {rise@0.000ns fall@10.000ns period=20.000ns})
  Destination:            design_pynq_i/axi_dma_0/U0/I_AXI_DMA_REG_MODULE/GEN_AXI_LITE_IF.AXI_LITE_IF_I/GEN_ASYNC_READ.REG_DATA2LITE_CLOCK/GENERATE_LEVEL_P_S_CDC.MULTI_BIT.FOR_IN_cdc_to[0].CROSS2_PLEVEL_IN2SCNDRY_IN_cdc_to/D
                            (rising edge-triggered cell FDRE clocked by clk_fpga_0  {rise@0.000ns fall@10.000ns period=20.000ns})
  Path Group:             (none)
  Path Type:              Hold (Min at Fast Process Corner)
  Data Path Delay:        0.245ns  (logic 0.128ns (52.210%)  route 0.117ns (47.790%))
  Logic Levels:           0  
  Clock Path Skew:        0.298ns (DCD - SCD - CPR)
    Destination Clock Delay (DCD):    1.187ns
    Source Clock Delay      (SCD):    0.889ns
    Clock Pessimism Removal (CPR):    -0.000ns
  Clock Uncertainty:      0.302ns  ((TSJ^2 + TIJ^2)^1/2 + DJ) / 2 + PE
    Total System Jitter     (TSJ):    0.071ns
    Total Input Jitter      (TIJ):    0.600ns
    Discrete Jitter          (DJ):    0.000ns
    Phase Error              (PE):    0.000ns
  Timing Exception:       False Path

    Location             Delay type                Incr(ns)  Path(ns)    Netlist Resource(s)
  -------------------------------------------------------------------    -------------------
                         (clock clk_fpga_0 rise edge)
                                                      0.000     0.000 r  
    PS7_X0Y0             PS7                          0.000     0.000 r  design_pynq_i/processing_system7_0/inst/PS7_i/FCLKCLK[0]
                         net (fo=1, routed)           0.310     0.310    design_pynq_i/processing_system7_0/inst/FCLK_CLK_unbuffered[0]
    BUFGCTRL_X0Y16       BUFG (Prop_bufg_I_O)         0.026     0.336 r  design_pynq_i/processing_system7_0/inst/buffer_fclk_clk_0.FCLK_CLK_0_BUFG/O
                         net (fo=4034, routed)        0.553     0.889    design_pynq_i/axi_dma_0/U0/I_AXI_DMA_REG_MODULE/GEN_AXI_LITE_IF.AXI_LITE_IF_I/m_axi_sg_aclk
    SLICE_X52Y98         FDRE                                         r  design_pynq_i/axi_dma_0/U0/I_AXI_DMA_REG_MODULE/GEN_AXI_LITE_IF.AXI_LITE_IF_I/GEN_ASYNC_READ.lite_rdata_cdc_from_reg[0]/C
  -------------------------------------------------------------------    -------------------
    SLICE_X52Y98         FDRE (Prop_fdre_C_Q)         0.128     1.017 r  design_pynq_i/axi_dma_0/U0/I_AXI_DMA_REG_MODULE/GEN_AXI_LITE_IF.AXI_LITE_IF_I/GEN_ASYNC_READ.lite_rdata_cdc_from_reg[0]/Q
                         net (fo=1, routed)           0.117     1.134    design_pynq_i/axi_dma_0/U0/I_AXI_DMA_REG_MODULE/GEN_AXI_LITE_IF.AXI_LITE_IF_I/GEN_ASYNC_READ.REG_DATA2LITE_CLOCK/prmry_vect_in[0]
    SLICE_X52Y99         FDRE                                         r  design_pynq_i/axi_dma_0/U0/I_AXI_DMA_REG_MODULE/GEN_AXI_LITE_IF.AXI_LITE_IF_I/GEN_ASYNC_READ.REG_DATA2LITE_CLOCK/GENERATE_LEVEL_P_S_CDC.MULTI_BIT.FOR_IN_cdc_to[0].CROSS2_PLEVEL_IN2SCNDRY_IN_cdc_to/D
  -------------------------------------------------------------------    -------------------

                         (clock clk_fpga_0 rise edge)
                                                      0.000     0.000 r  
    PS7_X0Y0             PS7                          0.000     0.000 r  design_pynq_i/processing_system7_0/inst/PS7_i/FCLKCLK[0]
                         net (fo=1, routed)           0.337     0.337    design_pynq_i/processing_system7_0/inst/FCLK_CLK_unbuffered[0]
    BUFGCTRL_X0Y16       BUFG (Prop_bufg_I_O)         0.029     0.366 r  design_pynq_i/processing_system7_0/inst/buffer_fclk_clk_0.FCLK_CLK_0_BUFG/O
                         net (fo=4034, routed)        0.821     1.187    design_pynq_i/axi_dma_0/U0/I_AXI_DMA_REG_MODULE/GEN_AXI_LITE_IF.AXI_LITE_IF_I/GEN_ASYNC_READ.REG_DATA2LITE_CLOCK/s_axi_lite_aclk
    SLICE_X52Y99         FDRE                                         r  design_pynq_i/axi_dma_0/U0/I_AXI_DMA_REG_MODULE/GEN_AXI_LITE_IF.AXI_LITE_IF_I/GEN_ASYNC_READ.REG_DATA2LITE_CLOCK/GENERATE_LEVEL_P_S_CDC.MULTI_BIT.FOR_IN_cdc_to[0].CROSS2_PLEVEL_IN2SCNDRY_IN_cdc_to/C

Slack:                    inf
  Source:                 design_pynq_i/axi_dma_0/U0/I_AXI_DMA_REG_MODULE/GEN_AXI_LITE_IF.AXI_LITE_IF_I/GEN_ASYNC_READ.lite_rdata_cdc_from_reg[13]/C
                            (rising edge-triggered cell FDRE clocked by clk_fpga_0  {rise@0.000ns fall@10.000ns period=20.000ns})
  Destination:            design_pynq_i/axi_dma_0/U0/I_AXI_DMA_REG_MODULE/GEN_AXI_LITE_IF.AXI_LITE_IF_I/GEN_ASYNC_READ.REG_DATA2LITE_CLOCK/GENERATE_LEVEL_P_S_CDC.MULTI_BIT.FOR_IN_cdc_to[13].CROSS2_PLEVEL_IN2SCNDRY_IN_cdc_to/D
                            (rising edge-triggered cell FDRE clocked by clk_fpga_0  {rise@0.000ns fall@10.000ns period=20.000ns})
  Path Group:             (none)
  Path Type:              Hold (Min at Fast Process Corner)
  Data Path Delay:        0.300ns  (logic 0.128ns (42.643%)  route 0.172ns (57.357%))
  Logic Levels:           0  
  Clock Path Skew:        0.384ns (DCD - SCD - CPR)
    Destination Clock Delay (DCD):    1.273ns
    Source Clock Delay      (SCD):    0.889ns
    Clock Pessimism Removal (CPR):    -0.000ns
  Clock Uncertainty:      0.302ns  ((TSJ^2 + TIJ^2)^1/2 + DJ) / 2 + PE
    Total System Jitter     (TSJ):    0.071ns
    Total Input Jitter      (TIJ):    0.600ns
    Discrete Jitter          (DJ):    0.000ns
    Phase Error              (PE):    0.000ns
  Timing Exception:       False Path

    Location             Delay type                Incr(ns)  Path(ns)    Netlist Resource(s)
  -------------------------------------------------------------------    -------------------
                         (clock clk_fpga_0 rise edge)
                                                      0.000     0.000 r  
    PS7_X0Y0             PS7                          0.000     0.000 r  design_pynq_i/processing_system7_0/inst/PS7_i/FCLKCLK[0]
                         net (fo=1, routed)           0.310     0.310    design_pynq_i/processing_system7_0/inst/FCLK_CLK_unbuffered[0]
    BUFGCTRL_X0Y16       BUFG (Prop_bufg_I_O)         0.026     0.336 r  design_pynq_i/processing_system7_0/inst/buffer_fclk_clk_0.FCLK_CLK_0_BUFG/O
                         net (fo=4034, routed)        0.553     0.889    design_pynq_i/axi_dma_0/U0/I_AXI_DMA_REG_MODULE/GEN_AXI_LITE_IF.AXI_LITE_IF_I/m_axi_sg_aclk
    SLICE_X53Y99         FDRE                                         r  design_pynq_i/axi_dma_0/U0/I_AXI_DMA_REG_MODULE/GEN_AXI_LITE_IF.AXI_LITE_IF_I/GEN_ASYNC_READ.lite_rdata_cdc_from_reg[13]/C
  -------------------------------------------------------------------    -------------------
    SLICE_X53Y99         FDRE (Prop_fdre_C_Q)         0.128     1.017 r  design_pynq_i/axi_dma_0/U0/I_AXI_DMA_REG_MODULE/GEN_AXI_LITE_IF.AXI_LITE_IF_I/GEN_ASYNC_READ.lite_rdata_cdc_from_reg[13]/Q
                         net (fo=1, routed)           0.172     1.189    design_pynq_i/axi_dma_0/U0/I_AXI_DMA_REG_MODULE/GEN_AXI_LITE_IF.AXI_LITE_IF_I/GEN_ASYNC_READ.REG_DATA2LITE_CLOCK/prmry_vect_in[13]
    SLICE_X53Y100        FDRE                                         r  design_pynq_i/axi_dma_0/U0/I_AXI_DMA_REG_MODULE/GEN_AXI_LITE_IF.AXI_LITE_IF_I/GEN_ASYNC_READ.REG_DATA2LITE_CLOCK/GENERATE_LEVEL_P_S_CDC.MULTI_BIT.FOR_IN_cdc_to[13].CROSS2_PLEVEL_IN2SCNDRY_IN_cdc_to/D
  -------------------------------------------------------------------    -------------------

                         (clock clk_fpga_0 rise edge)
                                                      0.000     0.000 r  
    PS7_X0Y0             PS7                          0.000     0.000 r  design_pynq_i/processing_system7_0/inst/PS7_i/FCLKCLK[0]
                         net (fo=1, routed)           0.337     0.337    design_pynq_i/processing_system7_0/inst/FCLK_CLK_unbuffered[0]
    BUFGCTRL_X0Y16       BUFG (Prop_bufg_I_O)         0.029     0.366 r  design_pynq_i/processing_system7_0/inst/buffer_fclk_clk_0.FCLK_CLK_0_BUFG/O
                         net (fo=4034, routed)        0.907     1.273    design_pynq_i/axi_dma_0/U0/I_AXI_DMA_REG_MODULE/GEN_AXI_LITE_IF.AXI_LITE_IF_I/GEN_ASYNC_READ.REG_DATA2LITE_CLOCK/s_axi_lite_aclk
    SLICE_X53Y100        FDRE                                         r  design_pynq_i/axi_dma_0/U0/I_AXI_DMA_REG_MODULE/GEN_AXI_LITE_IF.AXI_LITE_IF_I/GEN_ASYNC_READ.REG_DATA2LITE_CLOCK/GENERATE_LEVEL_P_S_CDC.MULTI_BIT.FOR_IN_cdc_to[13].CROSS2_PLEVEL_IN2SCNDRY_IN_cdc_to/C

Slack:                    inf
  Source:                 design_pynq_i/axi_dma_0/U0/I_RST_MODULE/GEN_RESET_FOR_MM2S.RESET_I/GEN_ASYNC_RESET.halt_cmplt_reg_reg/C
                            (rising edge-triggered cell FDRE clocked by clk_fpga_0  {rise@0.000ns fall@10.000ns period=20.000ns})
  Destination:            design_pynq_i/axi_dma_0/U0/I_RST_MODULE/GEN_RESET_FOR_MM2S.RESET_I/GEN_ASYNC_RESET.REG_HALT_CMPLT_IN/GENERATE_LEVEL_P_S_CDC.SINGLE_BIT.CROSS_PLEVEL_IN2SCNDRY_IN_cdc_to/D
                            (rising edge-triggered cell FDRE clocked by clk_fpga_0  {rise@0.000ns fall@10.000ns period=20.000ns})
  Path Group:             (none)
  Path Type:              Hold (Min at Fast Process Corner)
  Data Path Delay:        0.197ns  (logic 0.141ns (71.536%)  route 0.056ns (28.464%))
  Logic Levels:           0  
  Clock Path Skew:        0.303ns (DCD - SCD - CPR)
    Destination Clock Delay (DCD):    1.300ns
    Source Clock Delay      (SCD):    0.997ns
    Clock Pessimism Removal (CPR):    -0.000ns
  Clock Uncertainty:      0.302ns  ((TSJ^2 + TIJ^2)^1/2 + DJ) / 2 + PE
    Total System Jitter     (TSJ):    0.071ns
    Total Input Jitter      (TIJ):    0.600ns
    Discrete Jitter          (DJ):    0.000ns
    Phase Error              (PE):    0.000ns
  Timing Exception:       False Path

    Location             Delay type                Incr(ns)  Path(ns)    Netlist Resource(s)
  -------------------------------------------------------------------    -------------------
                         (clock clk_fpga_0 rise edge)
                                                      0.000     0.000 r  
    PS7_X0Y0             PS7                          0.000     0.000 r  design_pynq_i/processing_system7_0/inst/PS7_i/FCLKCLK[0]
                         net (fo=1, routed)           0.310     0.310    design_pynq_i/processing_system7_0/inst/FCLK_CLK_unbuffered[0]
    BUFGCTRL_X0Y16       BUFG (Prop_bufg_I_O)         0.026     0.336 r  design_pynq_i/processing_system7_0/inst/buffer_fclk_clk_0.FCLK_CLK_0_BUFG/O
                         net (fo=4034, routed)        0.661     0.997    design_pynq_i/axi_dma_0/U0/I_RST_MODULE/GEN_RESET_FOR_MM2S.RESET_I/m_axi_mm2s_aclk
    SLICE_X67Y103        FDRE                                         r  design_pynq_i/axi_dma_0/U0/I_RST_MODULE/GEN_RESET_FOR_MM2S.RESET_I/GEN_ASYNC_RESET.halt_cmplt_reg_reg/C
  -------------------------------------------------------------------    -------------------
    SLICE_X67Y103        FDRE (Prop_fdre_C_Q)         0.141     1.138 r  design_pynq_i/axi_dma_0/U0/I_RST_MODULE/GEN_RESET_FOR_MM2S.RESET_I/GEN_ASYNC_RESET.halt_cmplt_reg_reg/Q
                         net (fo=1, routed)           0.056     1.194    design_pynq_i/axi_dma_0/U0/I_RST_MODULE/GEN_RESET_FOR_MM2S.RESET_I/GEN_ASYNC_RESET.REG_HALT_CMPLT_IN/prmry_in
    SLICE_X66Y103        FDRE                                         r  design_pynq_i/axi_dma_0/U0/I_RST_MODULE/GEN_RESET_FOR_MM2S.RESET_I/GEN_ASYNC_RESET.REG_HALT_CMPLT_IN/GENERATE_LEVEL_P_S_CDC.SINGLE_BIT.CROSS_PLEVEL_IN2SCNDRY_IN_cdc_to/D
  -------------------------------------------------------------------    -------------------

                         (clock clk_fpga_0 rise edge)
                                                      0.000     0.000 r  
    PS7_X0Y0             PS7                          0.000     0.000 r  design_pynq_i/processing_system7_0/inst/PS7_i/FCLKCLK[0]
                         net (fo=1, routed)           0.337     0.337    design_pynq_i/processing_system7_0/inst/FCLK_CLK_unbuffered[0]
    BUFGCTRL_X0Y16       BUFG (Prop_bufg_I_O)         0.029     0.366 r  design_pynq_i/processing_system7_0/inst/buffer_fclk_clk_0.FCLK_CLK_0_BUFG/O
                         net (fo=4034, routed)        0.934     1.300    design_pynq_i/axi_dma_0/U0/I_RST_MODULE/GEN_RESET_FOR_MM2S.RESET_I/GEN_ASYNC_RESET.REG_HALT_CMPLT_IN/m_axi_sg_aclk
    SLICE_X66Y103        FDRE                                         r  design_pynq_i/axi_dma_0/U0/I_RST_MODULE/GEN_RESET_FOR_MM2S.RESET_I/GEN_ASYNC_RESET.REG_HALT_CMPLT_IN/GENERATE_LEVEL_P_S_CDC.SINGLE_BIT.CROSS_PLEVEL_IN2SCNDRY_IN_cdc_to/C

Slack:                    inf
  Source:                 design_pynq_i/axi_dma_0/U0/I_AXI_DMA_REG_MODULE/GEN_AXI_LITE_IF.AXI_LITE_IF_I/GEN_ASYNC_READ.lite_rdata_cdc_from_reg[10]/C
                            (rising edge-triggered cell FDRE clocked by clk_fpga_0  {rise@0.000ns fall@10.000ns period=20.000ns})
  Destination:            design_pynq_i/axi_dma_0/U0/I_AXI_DMA_REG_MODULE/GEN_AXI_LITE_IF.AXI_LITE_IF_I/GEN_ASYNC_READ.REG_DATA2LITE_CLOCK/GENERATE_LEVEL_P_S_CDC.MULTI_BIT.FOR_IN_cdc_to[10].CROSS2_PLEVEL_IN2SCNDRY_IN_cdc_to/D
                            (rising edge-triggered cell FDRE clocked by clk_fpga_0  {rise@0.000ns fall@10.000ns period=20.000ns})
  Path Group:             (none)
  Path Type:              Hold (Min at Fast Process Corner)
  Data Path Delay:        0.238ns  (logic 0.128ns (53.830%)  route 0.110ns (46.170%))
  Logic Levels:           0  
  Clock Path Skew:        0.301ns (DCD - SCD - CPR)
    Destination Clock Delay (DCD):    1.271ns
    Source Clock Delay      (SCD):    0.970ns
    Clock Pessimism Removal (CPR):    -0.000ns
  Clock Uncertainty:      0.302ns  ((TSJ^2 + TIJ^2)^1/2 + DJ) / 2 + PE
    Total System Jitter     (TSJ):    0.071ns
    Total Input Jitter      (TIJ):    0.600ns
    Discrete Jitter          (DJ):    0.000ns
    Phase Error              (PE):    0.000ns
  Timing Exception:       False Path

    Location             Delay type                Incr(ns)  Path(ns)    Netlist Resource(s)
  -------------------------------------------------------------------    -------------------
                         (clock clk_fpga_0 rise edge)
                                                      0.000     0.000 r  
    PS7_X0Y0             PS7                          0.000     0.000 r  design_pynq_i/processing_system7_0/inst/PS7_i/FCLKCLK[0]
                         net (fo=1, routed)           0.310     0.310    design_pynq_i/processing_system7_0/inst/FCLK_CLK_unbuffered[0]
    BUFGCTRL_X0Y16       BUFG (Prop_bufg_I_O)         0.026     0.336 r  design_pynq_i/processing_system7_0/inst/buffer_fclk_clk_0.FCLK_CLK_0_BUFG/O
                         net (fo=4034, routed)        0.634     0.970    design_pynq_i/axi_dma_0/U0/I_AXI_DMA_REG_MODULE/GEN_AXI_LITE_IF.AXI_LITE_IF_I/m_axi_sg_aclk
    SLICE_X51Y106        FDRE                                         r  design_pynq_i/axi_dma_0/U0/I_AXI_DMA_REG_MODULE/GEN_AXI_LITE_IF.AXI_LITE_IF_I/GEN_ASYNC_READ.lite_rdata_cdc_from_reg[10]/C
  -------------------------------------------------------------------    -------------------
    SLICE_X51Y106        FDRE (Prop_fdre_C_Q)         0.128     1.098 r  design_pynq_i/axi_dma_0/U0/I_AXI_DMA_REG_MODULE/GEN_AXI_LITE_IF.AXI_LITE_IF_I/GEN_ASYNC_READ.lite_rdata_cdc_from_reg[10]/Q
                         net (fo=1, routed)           0.110     1.208    design_pynq_i/axi_dma_0/U0/I_AXI_DMA_REG_MODULE/GEN_AXI_LITE_IF.AXI_LITE_IF_I/GEN_ASYNC_READ.REG_DATA2LITE_CLOCK/prmry_vect_in[10]
    SLICE_X51Y107        FDRE                                         r  design_pynq_i/axi_dma_0/U0/I_AXI_DMA_REG_MODULE/GEN_AXI_LITE_IF.AXI_LITE_IF_I/GEN_ASYNC_READ.REG_DATA2LITE_CLOCK/GENERATE_LEVEL_P_S_CDC.MULTI_BIT.FOR_IN_cdc_to[10].CROSS2_PLEVEL_IN2SCNDRY_IN_cdc_to/D
  -------------------------------------------------------------------    -------------------

                         (clock clk_fpga_0 rise edge)
                                                      0.000     0.000 r  
    PS7_X0Y0             PS7                          0.000     0.000 r  design_pynq_i/processing_system7_0/inst/PS7_i/FCLKCLK[0]
                         net (fo=1, routed)           0.337     0.337    design_pynq_i/processing_system7_0/inst/FCLK_CLK_unbuffered[0]
    BUFGCTRL_X0Y16       BUFG (Prop_bufg_I_O)         0.029     0.366 r  design_pynq_i/processing_system7_0/inst/buffer_fclk_clk_0.FCLK_CLK_0_BUFG/O
                         net (fo=4034, routed)        0.905     1.271    design_pynq_i/axi_dma_0/U0/I_AXI_DMA_REG_MODULE/GEN_AXI_LITE_IF.AXI_LITE_IF_I/GEN_ASYNC_READ.REG_DATA2LITE_CLOCK/s_axi_lite_aclk
    SLICE_X51Y107        FDRE                                         r  design_pynq_i/axi_dma_0/U0/I_AXI_DMA_REG_MODULE/GEN_AXI_LITE_IF.AXI_LITE_IF_I/GEN_ASYNC_READ.REG_DATA2LITE_CLOCK/GENERATE_LEVEL_P_S_CDC.MULTI_BIT.FOR_IN_cdc_to[10].CROSS2_PLEVEL_IN2SCNDRY_IN_cdc_to/C

Slack:                    inf
  Source:                 design_pynq_i/axi_dma_0/U0/I_AXI_DMA_REG_MODULE/GEN_AXI_LITE_IF.AXI_LITE_IF_I/GEN_ASYNC_READ.lite_rdata_cdc_from_reg[23]/C
                            (rising edge-triggered cell FDRE clocked by clk_fpga_0  {rise@0.000ns fall@10.000ns period=20.000ns})
  Destination:            design_pynq_i/axi_dma_0/U0/I_AXI_DMA_REG_MODULE/GEN_AXI_LITE_IF.AXI_LITE_IF_I/GEN_ASYNC_READ.REG_DATA2LITE_CLOCK/GENERATE_LEVEL_P_S_CDC.MULTI_BIT.FOR_IN_cdc_to[23].CROSS2_PLEVEL_IN2SCNDRY_IN_cdc_to/D
                            (rising edge-triggered cell FDRE clocked by clk_fpga_0  {rise@0.000ns fall@10.000ns period=20.000ns})
  Path Group:             (none)
  Path Type:              Hold (Min at Fast Process Corner)
  Data Path Delay:        0.238ns  (logic 0.128ns (53.830%)  route 0.110ns (46.170%))
  Logic Levels:           0  
  Clock Path Skew:        0.302ns (DCD - SCD - CPR)
    Destination Clock Delay (DCD):    1.273ns
    Source Clock Delay      (SCD):    0.971ns
    Clock Pessimism Removal (CPR):    -0.000ns
  Clock Uncertainty:      0.302ns  ((TSJ^2 + TIJ^2)^1/2 + DJ) / 2 + PE
    Total System Jitter     (TSJ):    0.071ns
    Total Input Jitter      (TIJ):    0.600ns
    Discrete Jitter          (DJ):    0.000ns
    Phase Error              (PE):    0.000ns
  Timing Exception:       False Path

    Location             Delay type                Incr(ns)  Path(ns)    Netlist Resource(s)
  -------------------------------------------------------------------    -------------------
                         (clock clk_fpga_0 rise edge)
                                                      0.000     0.000 r  
    PS7_X0Y0             PS7                          0.000     0.000 r  design_pynq_i/processing_system7_0/inst/PS7_i/FCLKCLK[0]
                         net (fo=1, routed)           0.310     0.310    design_pynq_i/processing_system7_0/inst/FCLK_CLK_unbuffered[0]
    BUFGCTRL_X0Y16       BUFG (Prop_bufg_I_O)         0.026     0.336 r  design_pynq_i/processing_system7_0/inst/buffer_fclk_clk_0.FCLK_CLK_0_BUFG/O
                         net (fo=4034, routed)        0.635     0.971    design_pynq_i/axi_dma_0/U0/I_AXI_DMA_REG_MODULE/GEN_AXI_LITE_IF.AXI_LITE_IF_I/m_axi_sg_aclk
    SLICE_X53Y101        FDRE                                         r  design_pynq_i/axi_dma_0/U0/I_AXI_DMA_REG_MODULE/GEN_AXI_LITE_IF.AXI_LITE_IF_I/GEN_ASYNC_READ.lite_rdata_cdc_from_reg[23]/C
  -------------------------------------------------------------------    -------------------
    SLICE_X53Y101        FDRE (Prop_fdre_C_Q)         0.128     1.099 r  design_pynq_i/axi_dma_0/U0/I_AXI_DMA_REG_MODULE/GEN_AXI_LITE_IF.AXI_LITE_IF_I/GEN_ASYNC_READ.lite_rdata_cdc_from_reg[23]/Q
                         net (fo=1, routed)           0.110     1.209    design_pynq_i/axi_dma_0/U0/I_AXI_DMA_REG_MODULE/GEN_AXI_LITE_IF.AXI_LITE_IF_I/GEN_ASYNC_READ.REG_DATA2LITE_CLOCK/prmry_vect_in[23]
    SLICE_X53Y102        FDRE                                         r  design_pynq_i/axi_dma_0/U0/I_AXI_DMA_REG_MODULE/GEN_AXI_LITE_IF.AXI_LITE_IF_I/GEN_ASYNC_READ.REG_DATA2LITE_CLOCK/GENERATE_LEVEL_P_S_CDC.MULTI_BIT.FOR_IN_cdc_to[23].CROSS2_PLEVEL_IN2SCNDRY_IN_cdc_to/D
  -------------------------------------------------------------------    -------------------

                         (clock clk_fpga_0 rise edge)
                                                      0.000     0.000 r  
    PS7_X0Y0             PS7                          0.000     0.000 r  design_pynq_i/processing_system7_0/inst/PS7_i/FCLKCLK[0]
                         net (fo=1, routed)           0.337     0.337    design_pynq_i/processing_system7_0/inst/FCLK_CLK_unbuffered[0]
    BUFGCTRL_X0Y16       BUFG (Prop_bufg_I_O)         0.029     0.366 r  design_pynq_i/processing_system7_0/inst/buffer_fclk_clk_0.FCLK_CLK_0_BUFG/O
                         net (fo=4034, routed)        0.907     1.273    design_pynq_i/axi_dma_0/U0/I_AXI_DMA_REG_MODULE/GEN_AXI_LITE_IF.AXI_LITE_IF_I/GEN_ASYNC_READ.REG_DATA2LITE_CLOCK/s_axi_lite_aclk
    SLICE_X53Y102        FDRE                                         r  design_pynq_i/axi_dma_0/U0/I_AXI_DMA_REG_MODULE/GEN_AXI_LITE_IF.AXI_LITE_IF_I/GEN_ASYNC_READ.REG_DATA2LITE_CLOCK/GENERATE_LEVEL_P_S_CDC.MULTI_BIT.FOR_IN_cdc_to[23].CROSS2_PLEVEL_IN2SCNDRY_IN_cdc_to/C

Slack:                    inf
  Source:                 design_pynq_i/axi_dma_0/U0/I_AXI_DMA_REG_MODULE/GEN_AXI_LITE_IF.AXI_LITE_IF_I/GEN_ASYNC_READ.lite_rdata_cdc_from_reg[26]/C
                            (rising edge-triggered cell FDRE clocked by clk_fpga_0  {rise@0.000ns fall@10.000ns period=20.000ns})
  Destination:            design_pynq_i/axi_dma_0/U0/I_AXI_DMA_REG_MODULE/GEN_AXI_LITE_IF.AXI_LITE_IF_I/GEN_ASYNC_READ.REG_DATA2LITE_CLOCK/GENERATE_LEVEL_P_S_CDC.MULTI_BIT.FOR_IN_cdc_to[26].CROSS2_PLEVEL_IN2SCNDRY_IN_cdc_to/D
                            (rising edge-triggered cell FDRE clocked by clk_fpga_0  {rise@0.000ns fall@10.000ns period=20.000ns})
  Path Group:             (none)
  Path Type:              Hold (Min at Fast Process Corner)
  Data Path Delay:        0.238ns  (logic 0.128ns (53.830%)  route 0.110ns (46.170%))
  Logic Levels:           0  
  Clock Path Skew:        0.303ns (DCD - SCD - CPR)
    Destination Clock Delay (DCD):    1.276ns
    Source Clock Delay      (SCD):    0.973ns
    Clock Pessimism Removal (CPR):    -0.000ns
  Clock Uncertainty:      0.302ns  ((TSJ^2 + TIJ^2)^1/2 + DJ) / 2 + PE
    Total System Jitter     (TSJ):    0.071ns
    Total Input Jitter      (TIJ):    0.600ns
    Discrete Jitter          (DJ):    0.000ns
    Phase Error              (PE):    0.000ns
  Timing Exception:       False Path

    Location             Delay type                Incr(ns)  Path(ns)    Netlist Resource(s)
  -------------------------------------------------------------------    -------------------
                         (clock clk_fpga_0 rise edge)
                                                      0.000     0.000 r  
    PS7_X0Y0             PS7                          0.000     0.000 r  design_pynq_i/processing_system7_0/inst/PS7_i/FCLKCLK[0]
                         net (fo=1, routed)           0.310     0.310    design_pynq_i/processing_system7_0/inst/FCLK_CLK_unbuffered[0]
    BUFGCTRL_X0Y16       BUFG (Prop_bufg_I_O)         0.026     0.336 r  design_pynq_i/processing_system7_0/inst/buffer_fclk_clk_0.FCLK_CLK_0_BUFG/O
                         net (fo=4034, routed)        0.637     0.973    design_pynq_i/axi_dma_0/U0/I_AXI_DMA_REG_MODULE/GEN_AXI_LITE_IF.AXI_LITE_IF_I/m_axi_sg_aclk
    SLICE_X49Y103        FDRE                                         r  design_pynq_i/axi_dma_0/U0/I_AXI_DMA_REG_MODULE/GEN_AXI_LITE_IF.AXI_LITE_IF_I/GEN_ASYNC_READ.lite_rdata_cdc_from_reg[26]/C
  -------------------------------------------------------------------    -------------------
    SLICE_X49Y103        FDRE (Prop_fdre_C_Q)         0.128     1.101 r  design_pynq_i/axi_dma_0/U0/I_AXI_DMA_REG_MODULE/GEN_AXI_LITE_IF.AXI_LITE_IF_I/GEN_ASYNC_READ.lite_rdata_cdc_from_reg[26]/Q
                         net (fo=1, routed)           0.110     1.211    design_pynq_i/axi_dma_0/U0/I_AXI_DMA_REG_MODULE/GEN_AXI_LITE_IF.AXI_LITE_IF_I/GEN_ASYNC_READ.REG_DATA2LITE_CLOCK/prmry_vect_in[26]
    SLICE_X49Y104        FDRE                                         r  design_pynq_i/axi_dma_0/U0/I_AXI_DMA_REG_MODULE/GEN_AXI_LITE_IF.AXI_LITE_IF_I/GEN_ASYNC_READ.REG_DATA2LITE_CLOCK/GENERATE_LEVEL_P_S_CDC.MULTI_BIT.FOR_IN_cdc_to[26].CROSS2_PLEVEL_IN2SCNDRY_IN_cdc_to/D
  -------------------------------------------------------------------    -------------------

                         (clock clk_fpga_0 rise edge)
                                                      0.000     0.000 r  
    PS7_X0Y0             PS7                          0.000     0.000 r  design_pynq_i/processing_system7_0/inst/PS7_i/FCLKCLK[0]
                         net (fo=1, routed)           0.337     0.337    design_pynq_i/processing_system7_0/inst/FCLK_CLK_unbuffered[0]
    BUFGCTRL_X0Y16       BUFG (Prop_bufg_I_O)         0.029     0.366 r  design_pynq_i/processing_system7_0/inst/buffer_fclk_clk_0.FCLK_CLK_0_BUFG/O
                         net (fo=4034, routed)        0.910     1.276    design_pynq_i/axi_dma_0/U0/I_AXI_DMA_REG_MODULE/GEN_AXI_LITE_IF.AXI_LITE_IF_I/GEN_ASYNC_READ.REG_DATA2LITE_CLOCK/s_axi_lite_aclk
    SLICE_X49Y104        FDRE                                         r  design_pynq_i/axi_dma_0/U0/I_AXI_DMA_REG_MODULE/GEN_AXI_LITE_IF.AXI_LITE_IF_I/GEN_ASYNC_READ.REG_DATA2LITE_CLOCK/GENERATE_LEVEL_P_S_CDC.MULTI_BIT.FOR_IN_cdc_to[26].CROSS2_PLEVEL_IN2SCNDRY_IN_cdc_to/C

Slack:                    inf
  Source:                 design_pynq_i/axi_dma_0/U0/I_AXI_DMA_REG_MODULE/GEN_AXI_LITE_IF.AXI_LITE_IF_I/GEN_ASYNC_READ.lite_rdata_cdc_from_reg[8]/C
                            (rising edge-triggered cell FDRE clocked by clk_fpga_0  {rise@0.000ns fall@10.000ns period=20.000ns})
  Destination:            design_pynq_i/axi_dma_0/U0/I_AXI_DMA_REG_MODULE/GEN_AXI_LITE_IF.AXI_LITE_IF_I/GEN_ASYNC_READ.REG_DATA2LITE_CLOCK/GENERATE_LEVEL_P_S_CDC.MULTI_BIT.FOR_IN_cdc_to[8].CROSS2_PLEVEL_IN2SCNDRY_IN_cdc_to/D
                            (rising edge-triggered cell FDRE clocked by clk_fpga_0  {rise@0.000ns fall@10.000ns period=20.000ns})
  Path Group:             (none)
  Path Type:              Hold (Min at Fast Process Corner)
  Data Path Delay:        0.238ns  (logic 0.128ns (53.830%)  route 0.110ns (46.170%))
  Logic Levels:           0  
  Clock Path Skew:        0.302ns (DCD - SCD - CPR)
    Destination Clock Delay (DCD):    1.275ns
    Source Clock Delay      (SCD):    0.973ns
    Clock Pessimism Removal (CPR):    -0.000ns
  Clock Uncertainty:      0.302ns  ((TSJ^2 + TIJ^2)^1/2 + DJ) / 2 + PE
    Total System Jitter     (TSJ):    0.071ns
    Total Input Jitter      (TIJ):    0.600ns
    Discrete Jitter          (DJ):    0.000ns
    Phase Error              (PE):    0.000ns
  Timing Exception:       False Path

    Location             Delay type                Incr(ns)  Path(ns)    Netlist Resource(s)
  -------------------------------------------------------------------    -------------------
                         (clock clk_fpga_0 rise edge)
                                                      0.000     0.000 r  
    PS7_X0Y0             PS7                          0.000     0.000 r  design_pynq_i/processing_system7_0/inst/PS7_i/FCLKCLK[0]
                         net (fo=1, routed)           0.310     0.310    design_pynq_i/processing_system7_0/inst/FCLK_CLK_unbuffered[0]
    BUFGCTRL_X0Y16       BUFG (Prop_bufg_I_O)         0.026     0.336 r  design_pynq_i/processing_system7_0/inst/buffer_fclk_clk_0.FCLK_CLK_0_BUFG/O
                         net (fo=4034, routed)        0.637     0.973    design_pynq_i/axi_dma_0/U0/I_AXI_DMA_REG_MODULE/GEN_AXI_LITE_IF.AXI_LITE_IF_I/m_axi_sg_aclk
    SLICE_X47Y107        FDRE                                         r  design_pynq_i/axi_dma_0/U0/I_AXI_DMA_REG_MODULE/GEN_AXI_LITE_IF.AXI_LITE_IF_I/GEN_ASYNC_READ.lite_rdata_cdc_from_reg[8]/C
  -------------------------------------------------------------------    -------------------
    SLICE_X47Y107        FDRE (Prop_fdre_C_Q)         0.128     1.101 r  design_pynq_i/axi_dma_0/U0/I_AXI_DMA_REG_MODULE/GEN_AXI_LITE_IF.AXI_LITE_IF_I/GEN_ASYNC_READ.lite_rdata_cdc_from_reg[8]/Q
                         net (fo=1, routed)           0.110     1.211    design_pynq_i/axi_dma_0/U0/I_AXI_DMA_REG_MODULE/GEN_AXI_LITE_IF.AXI_LITE_IF_I/GEN_ASYNC_READ.REG_DATA2LITE_CLOCK/prmry_vect_in[8]
    SLICE_X47Y108        FDRE                                         r  design_pynq_i/axi_dma_0/U0/I_AXI_DMA_REG_MODULE/GEN_AXI_LITE_IF.AXI_LITE_IF_I/GEN_ASYNC_READ.REG_DATA2LITE_CLOCK/GENERATE_LEVEL_P_S_CDC.MULTI_BIT.FOR_IN_cdc_to[8].CROSS2_PLEVEL_IN2SCNDRY_IN_cdc_to/D
  -------------------------------------------------------------------    -------------------

                         (clock clk_fpga_0 rise edge)
                                                      0.000     0.000 r  
    PS7_X0Y0             PS7                          0.000     0.000 r  design_pynq_i/processing_system7_0/inst/PS7_i/FCLKCLK[0]
                         net (fo=1, routed)           0.337     0.337    design_pynq_i/processing_system7_0/inst/FCLK_CLK_unbuffered[0]
    BUFGCTRL_X0Y16       BUFG (Prop_bufg_I_O)         0.029     0.366 r  design_pynq_i/processing_system7_0/inst/buffer_fclk_clk_0.FCLK_CLK_0_BUFG/O
                         net (fo=4034, routed)        0.909     1.275    design_pynq_i/axi_dma_0/U0/I_AXI_DMA_REG_MODULE/GEN_AXI_LITE_IF.AXI_LITE_IF_I/GEN_ASYNC_READ.REG_DATA2LITE_CLOCK/s_axi_lite_aclk
    SLICE_X47Y108        FDRE                                         r  design_pynq_i/axi_dma_0/U0/I_AXI_DMA_REG_MODULE/GEN_AXI_LITE_IF.AXI_LITE_IF_I/GEN_ASYNC_READ.REG_DATA2LITE_CLOCK/GENERATE_LEVEL_P_S_CDC.MULTI_BIT.FOR_IN_cdc_to[8].CROSS2_PLEVEL_IN2SCNDRY_IN_cdc_to/C

Slack:                    inf
  Source:                 design_pynq_i/axi_dma_0/U0/I_AXI_DMA_REG_MODULE/GEN_AXI_LITE_IF.AXI_LITE_IF_I/GEN_ASYNC_READ.lite_rdata_cdc_from_reg[22]/C
                            (rising edge-triggered cell FDRE clocked by clk_fpga_0  {rise@0.000ns fall@10.000ns period=20.000ns})
  Destination:            design_pynq_i/axi_dma_0/U0/I_AXI_DMA_REG_MODULE/GEN_AXI_LITE_IF.AXI_LITE_IF_I/GEN_ASYNC_READ.REG_DATA2LITE_CLOCK/GENERATE_LEVEL_P_S_CDC.MULTI_BIT.FOR_IN_cdc_to[22].CROSS2_PLEVEL_IN2SCNDRY_IN_cdc_to/D
                            (rising edge-triggered cell FDRE clocked by clk_fpga_0  {rise@0.000ns fall@10.000ns period=20.000ns})
  Path Group:             (none)
  Path Type:              Hold (Min at Fast Process Corner)
  Data Path Delay:        0.299ns  (logic 0.128ns (42.818%)  route 0.171ns (57.182%))
  Logic Levels:           0  
  Clock Path Skew:        0.299ns (DCD - SCD - CPR)
    Destination Clock Delay (DCD):    1.212ns
    Source Clock Delay      (SCD):    0.913ns
    Clock Pessimism Removal (CPR):    -0.000ns
  Clock Uncertainty:      0.302ns  ((TSJ^2 + TIJ^2)^1/2 + DJ) / 2 + PE
    Total System Jitter     (TSJ):    0.071ns
    Total Input Jitter      (TIJ):    0.600ns
    Discrete Jitter          (DJ):    0.000ns
    Phase Error              (PE):    0.000ns
  Timing Exception:       False Path

    Location             Delay type                Incr(ns)  Path(ns)    Netlist Resource(s)
  -------------------------------------------------------------------    -------------------
                         (clock clk_fpga_0 rise edge)
                                                      0.000     0.000 r  
    PS7_X0Y0             PS7                          0.000     0.000 r  design_pynq_i/processing_system7_0/inst/PS7_i/FCLKCLK[0]
                         net (fo=1, routed)           0.310     0.310    design_pynq_i/processing_system7_0/inst/FCLK_CLK_unbuffered[0]
    BUFGCTRL_X0Y16       BUFG (Prop_bufg_I_O)         0.026     0.336 r  design_pynq_i/processing_system7_0/inst/buffer_fclk_clk_0.FCLK_CLK_0_BUFG/O
                         net (fo=4034, routed)        0.577     0.913    design_pynq_i/axi_dma_0/U0/I_AXI_DMA_REG_MODULE/GEN_AXI_LITE_IF.AXI_LITE_IF_I/m_axi_sg_aclk
    SLICE_X55Y97         FDRE                                         r  design_pynq_i/axi_dma_0/U0/I_AXI_DMA_REG_MODULE/GEN_AXI_LITE_IF.AXI_LITE_IF_I/GEN_ASYNC_READ.lite_rdata_cdc_from_reg[22]/C
  -------------------------------------------------------------------    -------------------
    SLICE_X55Y97         FDRE (Prop_fdre_C_Q)         0.128     1.041 r  design_pynq_i/axi_dma_0/U0/I_AXI_DMA_REG_MODULE/GEN_AXI_LITE_IF.AXI_LITE_IF_I/GEN_ASYNC_READ.lite_rdata_cdc_from_reg[22]/Q
                         net (fo=1, routed)           0.171     1.212    design_pynq_i/axi_dma_0/U0/I_AXI_DMA_REG_MODULE/GEN_AXI_LITE_IF.AXI_LITE_IF_I/GEN_ASYNC_READ.REG_DATA2LITE_CLOCK/prmry_vect_in[22]
    SLICE_X55Y98         FDRE                                         r  design_pynq_i/axi_dma_0/U0/I_AXI_DMA_REG_MODULE/GEN_AXI_LITE_IF.AXI_LITE_IF_I/GEN_ASYNC_READ.REG_DATA2LITE_CLOCK/GENERATE_LEVEL_P_S_CDC.MULTI_BIT.FOR_IN_cdc_to[22].CROSS2_PLEVEL_IN2SCNDRY_IN_cdc_to/D
  -------------------------------------------------------------------    -------------------

                         (clock clk_fpga_0 rise edge)
                                                      0.000     0.000 r  
    PS7_X0Y0             PS7                          0.000     0.000 r  design_pynq_i/processing_system7_0/inst/PS7_i/FCLKCLK[0]
                         net (fo=1, routed)           0.337     0.337    design_pynq_i/processing_system7_0/inst/FCLK_CLK_unbuffered[0]
    BUFGCTRL_X0Y16       BUFG (Prop_bufg_I_O)         0.029     0.366 r  design_pynq_i/processing_system7_0/inst/buffer_fclk_clk_0.FCLK_CLK_0_BUFG/O
                         net (fo=4034, routed)        0.846     1.212    design_pynq_i/axi_dma_0/U0/I_AXI_DMA_REG_MODULE/GEN_AXI_LITE_IF.AXI_LITE_IF_I/GEN_ASYNC_READ.REG_DATA2LITE_CLOCK/s_axi_lite_aclk
    SLICE_X55Y98         FDRE                                         r  design_pynq_i/axi_dma_0/U0/I_AXI_DMA_REG_MODULE/GEN_AXI_LITE_IF.AXI_LITE_IF_I/GEN_ASYNC_READ.REG_DATA2LITE_CLOCK/GENERATE_LEVEL_P_S_CDC.MULTI_BIT.FOR_IN_cdc_to[22].CROSS2_PLEVEL_IN2SCNDRY_IN_cdc_to/C

Slack:                    inf
  Source:                 design_pynq_i/axi_dma_0/U0/I_AXI_DMA_REG_MODULE/GEN_AXI_LITE_IF.AXI_LITE_IF_I/GEN_ASYNC_READ.lite_rdata_cdc_from_reg[27]/C
                            (rising edge-triggered cell FDRE clocked by clk_fpga_0  {rise@0.000ns fall@10.000ns period=20.000ns})
  Destination:            design_pynq_i/axi_dma_0/U0/I_AXI_DMA_REG_MODULE/GEN_AXI_LITE_IF.AXI_LITE_IF_I/GEN_ASYNC_READ.REG_DATA2LITE_CLOCK/GENERATE_LEVEL_P_S_CDC.MULTI_BIT.FOR_IN_cdc_to[27].CROSS2_PLEVEL_IN2SCNDRY_IN_cdc_to/D
                            (rising edge-triggered cell FDRE clocked by clk_fpga_0  {rise@0.000ns fall@10.000ns period=20.000ns})
  Path Group:             (none)
  Path Type:              Hold (Min at Fast Process Corner)
  Data Path Delay:        0.238ns  (logic 0.128ns (53.830%)  route 0.110ns (46.170%))
  Logic Levels:           0  
  Clock Path Skew:        0.302ns (DCD - SCD - CPR)
    Destination Clock Delay (DCD):    1.276ns
    Source Clock Delay      (SCD):    0.974ns
    Clock Pessimism Removal (CPR):    -0.000ns
  Clock Uncertainty:      0.302ns  ((TSJ^2 + TIJ^2)^1/2 + DJ) / 2 + PE
    Total System Jitter     (TSJ):    0.071ns
    Total Input Jitter      (TIJ):    0.600ns
    Discrete Jitter          (DJ):    0.000ns
    Phase Error              (PE):    0.000ns
  Timing Exception:       False Path

    Location             Delay type                Incr(ns)  Path(ns)    Netlist Resource(s)
  -------------------------------------------------------------------    -------------------
                         (clock clk_fpga_0 rise edge)
                                                      0.000     0.000 r  
    PS7_X0Y0             PS7                          0.000     0.000 r  design_pynq_i/processing_system7_0/inst/PS7_i/FCLKCLK[0]
                         net (fo=1, routed)           0.310     0.310    design_pynq_i/processing_system7_0/inst/FCLK_CLK_unbuffered[0]
    BUFGCTRL_X0Y16       BUFG (Prop_bufg_I_O)         0.026     0.336 r  design_pynq_i/processing_system7_0/inst/buffer_fclk_clk_0.FCLK_CLK_0_BUFG/O
                         net (fo=4034, routed)        0.638     0.974    design_pynq_i/axi_dma_0/U0/I_AXI_DMA_REG_MODULE/GEN_AXI_LITE_IF.AXI_LITE_IF_I/m_axi_sg_aclk
    SLICE_X45Y104        FDRE                                         r  design_pynq_i/axi_dma_0/U0/I_AXI_DMA_REG_MODULE/GEN_AXI_LITE_IF.AXI_LITE_IF_I/GEN_ASYNC_READ.lite_rdata_cdc_from_reg[27]/C
  -------------------------------------------------------------------    -------------------
    SLICE_X45Y104        FDRE (Prop_fdre_C_Q)         0.128     1.102 r  design_pynq_i/axi_dma_0/U0/I_AXI_DMA_REG_MODULE/GEN_AXI_LITE_IF.AXI_LITE_IF_I/GEN_ASYNC_READ.lite_rdata_cdc_from_reg[27]/Q
                         net (fo=1, routed)           0.110     1.212    design_pynq_i/axi_dma_0/U0/I_AXI_DMA_REG_MODULE/GEN_AXI_LITE_IF.AXI_LITE_IF_I/GEN_ASYNC_READ.REG_DATA2LITE_CLOCK/prmry_vect_in[27]
    SLICE_X45Y105        FDRE                                         r  design_pynq_i/axi_dma_0/U0/I_AXI_DMA_REG_MODULE/GEN_AXI_LITE_IF.AXI_LITE_IF_I/GEN_ASYNC_READ.REG_DATA2LITE_CLOCK/GENERATE_LEVEL_P_S_CDC.MULTI_BIT.FOR_IN_cdc_to[27].CROSS2_PLEVEL_IN2SCNDRY_IN_cdc_to/D
  -------------------------------------------------------------------    -------------------

                         (clock clk_fpga_0 rise edge)
                                                      0.000     0.000 r  
    PS7_X0Y0             PS7                          0.000     0.000 r  design_pynq_i/processing_system7_0/inst/PS7_i/FCLKCLK[0]
                         net (fo=1, routed)           0.337     0.337    design_pynq_i/processing_system7_0/inst/FCLK_CLK_unbuffered[0]
    BUFGCTRL_X0Y16       BUFG (Prop_bufg_I_O)         0.029     0.366 r  design_pynq_i/processing_system7_0/inst/buffer_fclk_clk_0.FCLK_CLK_0_BUFG/O
                         net (fo=4034, routed)        0.910     1.276    design_pynq_i/axi_dma_0/U0/I_AXI_DMA_REG_MODULE/GEN_AXI_LITE_IF.AXI_LITE_IF_I/GEN_ASYNC_READ.REG_DATA2LITE_CLOCK/s_axi_lite_aclk
    SLICE_X45Y105        FDRE                                         r  design_pynq_i/axi_dma_0/U0/I_AXI_DMA_REG_MODULE/GEN_AXI_LITE_IF.AXI_LITE_IF_I/GEN_ASYNC_READ.REG_DATA2LITE_CLOCK/GENERATE_LEVEL_P_S_CDC.MULTI_BIT.FOR_IN_cdc_to[27].CROSS2_PLEVEL_IN2SCNDRY_IN_cdc_to/C





